id,author,authorid,category,categorydisplayorder,comments,content,createdat,createdby,description,dislikes,displayorder,externalpostid,imageurls,language,likes,mediatype,orderfixed,partialcontent,parvahtags,posterurl,postlocation,postredirecturl,postregion,posttype,pravahdisplayorder,published,publisher,publisherid,ratings,readscount,relatedlinks,scrapedat,shares,subtitle,tags,title,updatedat,updatedby,videourls,views
9a397f64-93ff-45fe-a796-0503da0da8cb,,,India,2147483647,0,,2021-01-07 11:34:18.292+0000,,‡Æ®‡Ææ‡Æü‡Øç‡Æü‡Æø‡Æ≤‡Øç ‡Æö‡Æø‡Æ±‡ØÅ‡Æ™‡Ææ‡Æ©‡Øç‡ÆÆ‡Øà‡ÆØ‡Æø‡Æ©‡Æ∞‡Øç ‡Æ®‡Æø‡Æ≤‡Øà ‡Æ§‡Øä‡Æü‡Æ∞‡Øç‡Æ®‡Øç‡Æ§‡ØÅ ‡ÆÆ‡Øã‡Æö‡ÆÆ‡Æü‡Øà‡Æ®‡Øç‡Æ§‡ØÅ ‡Æµ‡Æ∞‡ØÅ‡Æµ‡Æ§‡Ææ‡Æï ‡Æú‡ÆÆ‡Øç‡ÆÆ‡ØÅ-‡Æï‡Ææ‡Æ∑‡Øç‡ÆÆ‡ØÄ‡Æ∞‡Øç ‡ÆÆ‡ØÅ‡Æ©‡Øç‡Æ©‡Ææ‡Æ≥‡Øç ‡ÆÆ‡ØÅ‡Æ§‡Æ≤‡Øç‡Æµ‡Æ∞‡Øç ‡ÆÆ‡ØÜ‡Æï‡Æ™‡ØÇ‡Æ™‡Ææ ‡ÆÆ‡ØÅ‡Æ™‡Øç‡Æ§‡Æø ‡Æ§‡ØÜ‡Æ∞‡Æø‡Æµ‡Æø‡Æ§‡Øç‡Æ§‡ØÅ‡Æ≥‡Øç‡Æ≥‡Ææ‡Æ∞‡Øç,0,2147483647,,,Tamil,0,text,,,,https://images.dinamani.com/uploads/user/imagelibrary/2021/1/7/w600X390/Mehbooba_Mufti_ANI.jpg,,https://www.dinamani.com/india/2021/jan/07/the-situation-of-minorities-in-the-country-is-deteriorating-mehbooba-mufti-3539496.html,,news,2147483647,FALSE,Dinamani,fc27e6ce-8a28-445f-a88c-ea6d21f3cda5,0,0,,2021-01-07 11:34:18.291+0000,,,"{'', 'India'}",‚Äò‡Æ®‡Ææ‡Æü‡Øç‡Æü‡Æø‡Æ≤‡Øç ‡Æö‡Æø‡Æ±‡ØÅ‡Æ™‡Ææ‡Æ©‡Øç‡ÆÆ‡Øà‡ÆØ‡Æø‡Æ©‡Æ∞‡Øç ‡Æ®‡Æø‡Æ≤‡Øà ‡ÆÆ‡Øã‡Æö‡ÆÆ‡Æü‡Øà‡Æ®‡Øç‡Æ§‡ØÅ ‡Æµ‡Æ∞‡ØÅ‡Æï‡Æø‡Æ±‡Æ§‡ØÅ‚Äô: ‡ÆÆ‡ØÜ‡Æï‡Æ™‡ØÇ‡Æ™‡Ææ ‡ÆÆ‡ØÅ‡Æ™‡Øç‡Æ§‡Æø,,,,"0"
35676d22-0689-43c4-9c1d-66f282bf7035,,,Top Stories,2147483647,0,,2020-08-21 05:36:38.792+0000,,‡§®‡§à ‡§¶‡§ø‡§≤‡•ç‡§≤‡•Ä: ‡§è‡§Æ‡§è‡§∏ ‡§ß‡•ã‡§®‡•Ä ‡§ï‡•ã ‡§™‡§§‡•ç‡§∞ ‡§≤‡§ø‡§ñ‡§®‡•á ‡§ï‡•á ‡§è‡§ï ‡§¶‡§ø‡§® ‡§¨‡§æ‡§¶ ‡§™‡•Ä‡§è‡§Æ ‡§Æ‡•ã‡§¶‡•Ä ‡§®‡•á ‡§∏‡§Ç‡§®‡•ç‡§Ø‡§æ‡§∏ ‡§≤‡•á‡§®‡•á ‡§µ‡§æ‡§≤‡•á ‡§™‡•Ç‡§∞‡•ç‡§µ ‡§ï‡•ç‡§∞‡§ø‡§ï‡•á‡§ü‡§∞ ‡§∏‡•Å‡§∞‡•á‡§∂ ‡§∞‡•à‡§®‡§æ ‡§ï‡•ã ‡§≠‡•Ä ‡§™‡§§‡•ç‡§∞ ‡§≤‡§ø‡§ñ‡§ï‡§∞ ‡§∂‡•Å‡§≠‡§ï‡§æ‡§Æ‡§®‡§æ‡§è‡§Ç ‡§¶‡•Ä ‡§π‡•à‡§Ç. ‡§Ø‡•á ‡§ú‡§æ‡§®‡§ï‡§æ‡§∞‡•Ä ‡§∞‡•à‡§®‡§æ ‡§®‡•á ‡§Ö‡§™‡§®‡•á ‡§ü‡•ç‡§µ‡§ø‡§ü‡§∞ ‡§Ö‡§ï‡§æ‡§â‡§Ç‡§ü ‡§ï‡•á ‡§ú‡§∞‡§ø‡§è ‡§¶‡•Ä ‡§π‡•à. ‡§Æ‡•ã‡§¶‡•Ä ‡§®‡•á ‡§∞‡•à‡§®‡§æ ‡§ï‡•Ä ‡§´‡•Ä‡§≤‡•ç‡§°‡§ø‡§Ç‡§ó ‡§ï‡•Ä ‡§ñ‡•Ç‡§¨ ‡§§‡§æ‡§∞‡•Ä‡§´,0,2147483647,,,Hindi,0,text,,,,https://static.abplive.in/wp-content/uploads/sites/2/2020/08/21161215/gh.jpg,,https://www.abplive.com/news/india/pm-narendra-modi-wrote-letter-to-suresh-raina-1533758,,news,2147483647,FALSE,ABP Hindi,8f8f13a2-7285-4e3d-b799-c454d29cef73,0,0,,2020-08-21 05:36:38.791+0000,,,,"‡§™‡•Ä‡§è‡§Æ ‡§Æ‡•ã‡§¶‡•Ä ‡§®‡•á ‡§∏‡•Å‡§∞‡•á‡§∂ ‡§∞‡•à‡§®‡§æ ‡§ï‡•ã ‡§≤‡§ø‡§ñ‡§æ ‡§ñ‡§§, ‡§ï‡§π‡§æ-'‡§Ü‡§™‡§®‡•á ‡§ú‡§ø‡§§‡§®‡•á ‡§∞‡§® ‡§¨‡§ö‡§æ‡§è ‡§â‡§®‡§ï‡§æ ‡§π‡§ø‡§∏‡§æ‡§¨ ‡§≤‡§ó‡§æ‡§®‡•á ‡§Æ‡•á‡§Ç ‡§§‡•ã ‡§ï‡§à ‡§¶‡§ø‡§® ‡§≤‡§ó ‡§ú‡§æ‡§è‡§Ç‡§ó‡•á'",,,,"0"
890fab16-4ebf-497b-bcdf-56cf8520f2cf,,,Top Stories,2147483647,0,"""‡≤¨‡≥Ü‡≤Ç‡≤ó‡≤≥‡≥Ç‡≤∞‡≥Å (‡≤∏‡≥Ü.30): ‡≤¨‡≤æ‡≤¨‡≤∞‡≤ø ‡≤Æ‡≤∏‡≥Ä‡≤¶‡≤ø ‡≤ß‡≥ç‡≤µ‡≤Ç‡≤∏ ‡≤™‡≥ç‡≤∞‡≤ï‡≤∞‡≤£‡≤ï‡≥ç‡≤ï‡≥Ü ‡≤∏‡≤Ç‡≤¨‡≤Ç‡≤ß‡≤ø‡≤∏‡≤ø‡≤¶‡≤Ç‡≤§‡≥Ü 32 ‡≤Ö‡≤™‡≤æ‡≤¶‡≤ø‡≤§‡≤∞‡≥Å ‡≤¶‡≥ã‡≤∑ ‡≤Æ‡≥Å‡≤ï‡≥ç‡≤§‡≤∞‡≤æ‡≤ó‡≤ø‡≤¶‡≥ç‡≤¶‡≤æ‡≤∞‡≥Ü.xa0 ‡≤¨‡≤æ‡≤¨‡≥ç‡≤∞‡≤ø ‡≤Æ‡≤∏‡≥Ä‡≤¶‡≤ø ‡≤ß‡≥ç‡≤µ‡≤Ç‡≤∏ ‡≤™‡≥ç‡≤∞‡≤ï‡≤∞‡≤£ ‡≤™‡≥Ç‡≤∞‡≥ç‡≤µ ‡≤Ø‡≥ã‡≤ú‡≤ø‡≤§‡≤µ‡≤≤‡≥ç‡≤≤ ‡≤é‡≤®‡≥ç‡≤®‡≥Å‡≤µ‡≥Å‡≤¶‡≤®‡≥ç‡≤®‡≥Å ‡≤§‡≥Ä‡≤∞‡≥ç‡≤™‡≥Å ‡≤é‡≤§‡≥ç‡≤§‡≤ø ‡≤π‡≤ø‡≤°‡≤ø‡≤¶‡≤ø‡≤¶‡≥Ü ‡≤é‡≤Ç‡≤¶‡≥Å ‡≤™‡≥ç‡≤∞‡≤µ‡≤æ‡≤∏‡≥ã‡≤¶‡≥ç‡≤Ø‡≤Æ ‡≤ñ‡≤æ‡≤§‡≥Ü ‡≤∏‡≤ö‡≤ø‡≤µ ‡≤∏‡≤ø.‡≤ü‡≤ø ‡≤∞‡≤µ‡≤ø ‡≤π‡≥á‡≤≥‡≤ø‡≤¶‡≥ç‡≤¶‡≤æ‡≤∞‡≥Ü.xa0 ‡≤¨‡≤ø‡≤ú‡≥Ü‡≤™‡≤ø‡≤Ø‡≥Å ‡≤¨‡≤æ‡≤¨‡≥ç‡≤∞‡≤ø ‡≤Æ‡≤∏‡≥Ä‡≤¶‡≤ø ‡≤∏‡≤Ç‡≤¨‡≤Ç‡≤ß ‡≤ï‡≥ã‡≤∞‡≥ç‡≤ü‡≥ç ‡≤®‡≥Ä‡≤°‡≤ø‡≤∞‡≥Å‡≤µ ‡≤§‡≥Ä‡≤∞‡≥ç‡≤™‡≤®‡≥ç‡≤®‡≥Å ‡≤∏‡≥ç‡≤µ‡≤æ‡≤ó‡≤§‡≤ø‡≤∏‡≥Å‡≤§‡≥ç‡≤§‡≤¶‡≥Ü. ‡≤¨‡≤æ‡≤¨‡≥ç‡≤∞‡≤ø ‡≤Æ‡≤∏‡≥Ä‡≤¶‡≤ø ‡≤™‡≥ç‡≤∞‡≤ï‡≤∞‡≤£‡≤µ‡≤®‡≥ç‡≤®‡≥á ‡≤®‡≥Ü‡≤™‡≤µ‡≤æ‡≤ó‡≤ø‡≤ü‡≥ç‡≤ü‡≥Å‡≤ï‡≥ä‡≤Ç‡≤°‡≥Å 1992 ‡≤¨‡≤ø‡≤ú‡≥Ü‡≤™‡≤ø‡≤Ø ‡≤®‡≤æ‡≤≤‡≥ç‡≤ï‡≥Å ‡≤∏‡≤∞‡≥ç‡≤ï‡≤æ‡≤∞‡≤ó‡≤≥‡≤®‡≥ç‡≤®‡≥Å ‡≤µ‡≤ú‡≤æ ‡≤Æ‡≤æ‡≤°‡≥Å‡≤µ ‡≤ï‡≥Ü‡≤≤‡≤∏ ‡≤®‡≤°‡≥Ü‡≤Ø‡≤ø‡≤§‡≥Å. ‡≤Ü‡≤ó ‡≤Ö‡≤Ç‡≤§‡≤π ‡≤∏‡≤Ç‡≤µ‡≤ø‡≤ß‡≤æ‡≤® ‡≤¨‡≤æ‡≤π‡≤ø‡≤∞ ‡≤ï‡≥Ü‡≤≤‡≤∏‡≤µ‡≤æ‡≤ó‡≤ø‡≤§‡≥ç‡≤§‡≥Å ‡≤é‡≤Ç‡≤¶‡≥Å ‡≤∏‡≤ö‡≤ø‡≤µ ‡≤∏‡≤ø ‡≤ü‡≤ø ‡≤∞‡≤µ‡≤ø ‡≤π‡≥Ü‡≤≥‡≤ø‡≤¶‡≤∞‡≥Å.xa0 ‡≤¨‡≤æ‡≤¨‡≥ç‡≤∞‡≤ø ‡≤Æ‡≤∏‡≥Ä‡≤¶‡≤ø ‡≤ß‡≥ç‡≤µ‡≤Ç‡≤∏ ‡≤™‡≥ç‡≤∞‡≤ï‡≤∞‡≤£: ‡≤Ö‡≤°‡≥ç‡≤µ‡≤æ‡≤£‡≤ø, ‡≤ú‡≥ã‡≤∂‡≤ø ‡≤∏‡≥á‡≤∞‡≤ø ‡≤é‡≤≤‡≥ç‡≤≤‡≤æ ‡≤Ü‡≤∞‡≥ã‡≤™‡≤ø‡≤ó‡≤≥‡≥Å ‡≤ñ‡≥Å‡≤≤‡≤æ‡≤∏‡≥Ü! .. ‡≤∏‡≤§‡≥ç‡≤Ø‡≤µ‡≤®‡≥ç‡≤®‡≥Å ‡≤®‡≥ç‡≤Ø‡≤æ‡≤Ø‡≤æ‡≤≤‡≤Ø‡≤µ‡≥Å ‡≤é‡≤§‡≥ç‡≤§‡≤ø ‡≤π‡≤ø‡≤°‡≤ø‡≤¶‡≤ø‡≤¶‡≥Ü. xa0‡≤®‡≥ç‡≤Ø‡≤æ‡≤Ø‡≤æ‡≤≤‡≤Ø‡≤¶ ‡≤§‡≥Ä‡≤∞‡≥ç‡≤™‡≤®‡≥ç‡≤®‡≥Å xa0‡≤∏‡≥ç‡≤µ‡≤æ‡≤ó‡≤§‡≤ø‡≤∏‡≥Å‡≤§‡≥ç‡≤§‡≥á‡≤®‡≥Ü. ‡≤Ü‡≤µ‡≤§‡≥ç‡≤§‡≥Å ‡≤®‡≤æ‡≤≤‡≥ç‡≤ï‡≥Å xa0‡≤¨‡≤ø‡≤ú‡≥Ü‡≤™‡≤ø ‡≤∏‡≤∞‡≥ç‡≤ï‡≤æ‡≤∞‡≤ó‡≤≥‡≤®‡≥ç‡≤®‡≥Å ‡≤µ‡≤ú‡≤æ ‡≤Æ‡≤æ‡≤°‡≤ø‡≤¶ ‡≤ï‡≤æ‡≤Ç‡≤ó‡≥ç‡≤∞‡≥Ü‡≤∏‡≥ç ‡≤¶‡≥á‡≤∂‡≤¶ ‡≤ú‡≤®‡≤§‡≥Ü‡≤Ø ‡≤ï‡≥ç‡≤∑‡≤Æ‡≥Ü ‡≤ï‡≥á‡≤≥‡≤ø ‡≤é‡≤Ç‡≤¶‡≥Å ‡≤∏‡≤ø ‡≤ü‡≤ø ‡≤∞‡≤µ‡≤ø ‡≤Ü‡≤ó‡≥ç‡≤∞‡≤π‡≤ø‡≤∏‡≤ø‡≤¶‡≤∞‡≥Å.xa0 ‡≤á‡≤§‡≤ø‡≤π‡≤æ‡≤∏ ‡≤¨‡≤≤‡≥ç‡≤≤ ‡≤¶‡≥á‡≤∂‡≤¶ ‡≤é‡≤≤‡≥ç‡≤≤‡≤æ ‡≤µ‡≥ç‡≤Ø‡≤ï‡≥ç‡≤§‡≤ø‡≤ó‡≤≥‡≤ø‡≤ó‡≥Ç ‡≤µ‡≤æ‡≤∏‡≥ç‡≤§‡≤µ‡≤¶ ‡≤∏‡≤§‡≥ç‡≤Ø xa0‡≤ó‡≥ä‡≤§‡≥ç‡≤§‡≤ø‡≤¶‡≥Ü. xa0‡≤¨‡≤ø‡≤ú‡≥Ü‡≤™‡≤ø‡≤Ø ‡≤Ö‡≤ú‡≥Ü‡≤Ç‡≤°‡≤æ‡≤¶‡≤≤‡≥ç‡≤≤‡≤ø ‡≤Æ‡≤∏‡≥Ä‡≤¶‡≤ø ‡≤í‡≤°‡≥Ü‡≤Ø‡≥Å‡≤µ‡≥Å‡≤¶‡≥Å ‡≤á‡≤∞‡≤≤‡≤ø‡≤≤‡≥ç‡≤≤ ‡≤é‡≤Ç‡≤¶‡≥Å ‡≤∏‡≤ø ‡≤ü‡≤ø ‡≤∞‡≤µ‡≤ø ‡≤π‡≥á‡≤≥‡≤ø‡≤¶‡≤∞‡≥Å.xa0 xa01991 ‡≤∞‡≤≤‡≥ç‡≤≤‡≤ø xa0‡≤®‡≤°‡≥Ü‡≤¶ ‡≤¨‡≤æ‡≤¨‡≥ç‡≤∞‡≤ø ‡≤Æ‡≤∏‡≥Ä‡≤¶‡≤ø ‡≤ß‡≥ç‡≤µ‡≤Ç‡≤∏ ‡≤™‡≥ç‡≤∞‡≤ï‡≤∞‡≤£ ‡≤∏‡≤Ç‡≤¨‡≤Ç‡≤ß ‡≤§‡≥Ä‡≤∞‡≥ç‡≤™‡≥Å ‡≤™‡≥ç‡≤∞‡≤ï‡≤ü‡≤ø‡≤∏‡≤ø‡≤¶ ‡≤≤‡≤ï‡≥ç‡≤®‡≥ã ‡≤∏‡≤ø‡≤¨‡≤ø‡≤ê ‡≤ï‡≥ã‡≤∞‡≥ç‡≤ü‡≥ç ‡≤ß‡≥ç‡≤µ‡≤Ç‡≤∏ ‡≤™‡≥ç‡≤∞‡≤ï‡≤∞‡≤£ ‡≤™‡≥Ç‡≤∞‡≥ç‡≤µ ‡≤Ø‡≥ã‡≤ú‡≤ø‡≤§‡≤µ‡≤≤‡≥ç‡≤≤. xa0‡≤á‡≤¶‡≤∞‡≤≤‡≥ç‡≤≤‡≤ø ‡≤ï‡≥ç‡≤∞‡≤ø‡≤Æ‡≤ø‡≤®‡≤≤‡≥ç ",2020-09-30 08:10:17.000+0000,By Suvarna News,"""‡≤¨‡≤æ‡≤¨‡≤∞‡≤ø ‡≤Æ‡≤∏‡≥Ä‡≤¶‡≤ø ‡≤ß‡≥ç‡≤µ‡≤Ç‡≤∏ ‡≤™‡≥ç‡≤∞‡≤ï‡≤∞‡≤£‡≤ï‡≥ç‡≤ï‡≥Ü ‡≤∏‡≤Ç‡≤¨‡≤Ç‡≤ß‡≤ø‡≤∏‡≤ø‡≤¶‡≤Ç‡≤§‡≥Ü 32 ‡≤Ö‡≤™‡≤æ‡≤¶‡≤ø‡≤§‡≤∞‡≥Å ‡≤¶‡≥ã‡≤∑ ‡≤Æ‡≥Å‡≤ï‡≥ç‡≤§‡≤∞‡≤æ‡≤ó‡≤ø‡≤¶‡≥ç‡≤¶‡≤æ‡≤∞‡≥Ü.xa0""",0,2147483647,,,Kannada,0,text,,,,https://static.asianetnews.com/images/01ekf03n8m2gw8kbzf2398jdqb/image--9--jpg_710x400xt.jpg,,https://kannada.asianetnews.com/state/karnataka-minister-ct-ravi-reaction-over-babri-masjid-demolition-case-verdict-snr-qhgor9,,news,2147483647,FALSE,Asia Net News,d3c4612a-6881-439a-8e2f-89774d7ba2fe,0,0,,2020-09-30 08:10:19.445+0000,,,,"‡≤¨‡≤æ‡≤¨‡≥ç‡≤∞‡≤ø ‡≤Æ‡≤∏‡≥Ä‡≤¶‡≤ø ‡≤ß‡≥ç‡≤µ‡≤Ç‡≤∏ ‡≤ï‡≥á‡≤∏‡≥ç ‡≤§‡≥Ä‡≤∞‡≥ç‡≤™‡≥Å , ‡≤ï‡≤æ‡≤Ç‡≤ó‡≥ç‡≤∞‡≥Ü‡≤∏‡≥ç ‡≤ï‡≥ç‡≤∑‡≤Æ‡≥Ü ‡≤ï‡≥á‡≤≥‡≤≤‡≤ø : ‡≤∏‡≤ø.‡≤ü‡≤ø ‡≤∞‡≤µ‡≤ø",,,,"0"
379873de-164a-4b40-ab5f-21343c04a8e4,,,Political & General News,2147483647,0,,2020-11-21 09:57:23.000+0000,NewsJ,‡ÆÆ‡Æ§‡Æø‡ÆØ‡ÆÆ‡Øç 1 ‡ÆÆ‡Æ£‡Æø ‡Æ®‡ÆÆ‡Øç‡ÆÆ ‡Æä‡Æ∞‡Øç ‡Æö‡ØÜ‡ÆØ‡Øç‡Æ§‡Æø‡Æï‡Æ≥‡Øç(21.11.2020) | 1 PM DISTRICT NEWS Subscribe our YOUTUBE channel: ...,0,2147483647,,,Tamil,0,video,,,,https://i.ytimg.com/vi/0fcMKCJGwQU/mqdefault.jpg,,https://www.youtube.com/watch?v=0fcMKCJGwQU,,youtube,2147483647,TRUE,NewsJ,d1d1b205-9d3d-47bc-81ad-bc585d5e6cd7,0,0,,2020-11-21 11:25:12.276+0000,,,,‡Æ§‡ØÜ‡Æ©‡Øç‡Æï‡Ææ‡Æö‡Æø‡ÆØ‡Æø‡Æ≤‡Øç ‡Æï‡Æ∞‡Øà ‡Æ™‡ØÅ‡Æ∞‡Æ£‡Øç‡Æü‡ØÅ ‡Æì‡Æü‡ØÅ‡ÆÆ‡Øç ‡ÆÜ‡Æ±‡ØÅ‡Æï‡Æ≥‡Øç (21.11.2020) | 1 PM DISTRICT NEWS,2020-11-21 09:57:23.000+0000,,,"0"
5deed080-ef0b-459d-9263-38abcadb779d,,,,2147483647,0,,2021-01-05 09:45:01.608+0000,OpIndia Staff,#NAME?,0,129,,,English,0,text,,,,https://i2.wp.com/www.opindia.com/wp-content/uploads/2021/01/raees.jpg?fit=696%2C522&ssl=1,,https://www.opindia.com/2021/01/madhya-pradesh-raees-khan-killed-dharmendra-for-affair-with-daughter-lightning/,,news,2147483647,TRUE,OP INDIA,,0,7,,2021-01-05 09:33:28.322+0000,,,"{'Bhopal', 'Crime', 'Madhya Pradesh', 'Murder', 'News Reports', 'Top_Stories', 'hindu'}","Madhya Pradesh: Raees Khan killed Dharmendra for affair with daughter, murder mystery solved after four months",2021-01-05 09:45:01.608+0000,,,"100"
9ecb4498-6a79-4c11-a163-c1096574cf55,,,,2147483647,0,,2020-10-10 18:23:32.000+0000,ImranKhanPTI,We have prevented a number of such attempts preemptively in last few months. Our intelligence orgs & law enforcement agencies will nab culprits of this murder also. Our ulema from all sects must ensure people do not fall prey to this nefarious Indian design to destabilise Pak,0,2147483647,,,English,0,,,,,,,https://twitter.com/ImranKhanPTI/status/1314994994957160448,Pakistan,Twitter,2147483647,TRUE,Imran Khan,c23cc683-c15e-4ae0-bbec-6f27026759a7,0,0,,2020-10-10 18:44:58.112+0000,,,,We have prevented a number of such attempts preemptively in last few months. Our intelligence orgs & law enforcement agencies will nab culprits of this murder also. Our ulema from all sects must ensure people do not fall prey to this nefarious Indian design to destabilise Pak,2020-10-10 18:23:32.000+0000,,,"0"
64a8ff9d-bd20-48d3-8da4-656a51691ef2,,,Top Stories,2147483647,0,"‡™Ö‡™≠‡™ø‡™®‡´á‡™§‡™æ ‡™∏‡´ã‡™®‡´Å ‡™∏‡´Ç‡™¶ (Sonu Sood) ‡™Ö‡™§‡´ç‡™Ø‡™æ‡™∞‡´á ‡™¨‡´á ‡™µ‡™æ‡™§‡´ã‡™®‡´á ‡™ï‡™æ‡™∞‡™£‡´á ‡™∏‡™§‡™§ ‡™ö‡™∞‡´ç‡™ö‡™æ‡™Æ‡™æ‡™Ç ‡™π‡´ã‡™Ø ‡™õ‡´á. ‡™≤‡´â‡™ï‡™°‡™æ‡™â‡™® ‡™¶‡™∞‡™Æ‡™ø‡™Ø‡™æ‡™® ‡™Ö‡™≠‡™ø‡™®‡´á‡™§‡™æ‡™®‡´Å‡™Ç ‡™®‡™æ‡™Æ ‡™∏‡´å‡™•‡´Ä ‡™µ‡™ß‡´Å ‡™ö‡™∞‡´ç‡™ö‡™æ‡™Æ‡™æ‡™Ç ‡™∞‡™π‡´ç‡™Ø‡´Å‡™Ç ‡™õ‡´á. ‡™ö‡™∞‡´ç‡™ö‡™æ‡™Æ‡™æ‡™Ç ‡™∞‡™π‡´á‡™µ‡™æ‡™®‡´Å‡™Ç ‡™™‡™π‡´á‡™≤‡´Å‡™Ç ‡™ï‡™æ‡™∞‡™£ ‡™õ‡´á, ‡™ú‡´á ‡™∞‡´Ä‡™§‡´á ‡™Ö‡™≠‡™ø‡™®‡´á‡™§‡™æ ‡™ú‡™∞‡´Ç‡™∞‡™ø‡™Ø‡™æ‡™§‡™Æ‡™Ç‡™¶‡´ã‡™®‡´Ä ‡™Æ‡™¶‡™¶ ‡™ï‡™∞‡´Ä ‡™∞‡™π‡´ç‡™Ø‡´ã ‡™õ‡´á ‡™§‡´á ‡™Ö‡™®‡´á ‡™¨‡´Ä‡™ú‡´Å‡™Ç ‡™∏‡´ã‡™∂‡´ç‡™Ø‡™≤ ‡™Æ‡´Ä‡™°‡™ø‡™Ø‡™æ ‡™™‡™∞ ‡™Ö‡™≠‡™ø‡™®‡´á‡™§‡™æ ‡™™‡™æ‡™∏‡´á ‡™ï‡™∞‡™µ‡™æ‡™Æ‡™æ‡™Ç ‡™Ü‡™µ‡™§‡´Ä ‡™Ö‡™§‡™∞‡™Ç‡™ó‡´Ä ‡™°‡™ø‡™Æ‡™æ‡™®‡´ç‡™°‡´ã. ‡™∏‡´ã‡™®‡´Å ‡™∏‡´Ç‡™¶ ‡™ü‡´ç‡™µ‡™ø‡™ü‡™∞ ‡™™‡™∞ ‡™™‡™£ ‡™ñ‡´Ç‡™¨ ‡™ú ‡™è‡™ï‡´ç‡™ü‡™ø‡™µ ‡™∞‡™π‡´á ‡™õ‡´á ‡™Ö‡™®‡´á ‡™Æ‡™¶‡™¶‡™®‡´Ä ‡™Æ‡™æ‡™Ç‡™ó ‡™ï‡™∞‡™®‡™æ‡™∞ ‡™¶‡™∞‡´á‡™ï ‡™µ‡´ç‡™Ø‡™ï‡´ç‡™§‡™ø‡™®‡´á ‡™ú‡™µ‡™æ‡™¨ ‡™Ü‡™™‡´á ‡™õ‡´á. ‡™Ü ‡™¶‡™∞‡™Æ‡™ø‡™Ø‡™æ‡™® ‡™Ö‡™≠‡™ø‡™®‡´á‡™§‡™æ ‡™∏‡™æ‡™•‡´á ‡™ò‡™£‡™æ‡™Ç ‡™Ø‡´Å‡™ù‡™∞‡´ç‡™∏ ‡™Æ‡™∏‡´ç‡™§‡´Ä-‡™Æ‡™ú‡™æ‡™ï ‡™™‡™£ ‡™ï‡™∞‡´á ‡™õ‡´á ‡™Ö‡™®‡´á ‡™∏‡´ã‡™®‡´Å‡™®‡´á ‡™ö‡´ã‡™Ç‡™ï‡™æ‡™µ‡´Ä ‡™¶‡´á ‡™è‡™µ‡´Ä ‡™°‡™ø‡™Æ‡™æ‡™®‡´ç‡™° ‡™™‡™£ ‡™ï‡™∞‡´á ‡™õ‡´á. ‡™§‡´ç‡™Ø‡™æ‡™∞‡´á ‡™π‡™æ‡™≤‡™Æ‡™æ‡™Ç ‡™ú ‡™è‡™ï ‡™Ø‡´Å‡™ù‡™∞‡´á ‡™∏‡´ã‡™®‡´Å ‡™™‡™æ‡™∏‡´á ‡™Ü‡™à‡™´‡´ã‡™® ‡™Æ‡™æ‡™Ç‡™ó‡´ç‡™Ø‡´ã ‡™§‡´ã ‡™è‡™ï‡´ç‡™ü‡™∞‡´á ‡™™‡™£ ‡™§‡´á‡™®‡´ã ‡™∂‡™æ‡™®‡™¶‡™æ‡™∞ ‡™ú‡™µ‡™æ‡™¨ ‡™Ü‡™™‡´ç‡™Ø‡´ã. ‡™π‡™ï‡´Ä‡™ï‡™§‡™Æ‡™æ‡™Ç ‡™∏‡´ã‡™®‡´Å ‡™∏‡´Ç‡™¶‡™®‡´á ‡™ü‡´á‡™ó ‡™ï‡™∞‡™§‡™æ ‡™è‡™ï ‡™Ø‡´Å‡™ù‡™∞‡´á ‡™Ü‡™à‡™´‡´ã‡™® ‡™Æ‡™æ‡™Ç‡™ó‡´Ä ‡™≤‡´Ä‡™ß‡´ã. ‡™Ü ‡™™‡™π‡´á‡™≤‡™æ‡™Ç ‡™™‡™£ ‡™è ‡™Ø‡´Å‡™ù‡™∞‡´á ‡™Ü ‡™ú ‡™°‡™ø‡™Æ‡™æ‡™®‡´ç‡™°‡™®‡´á ‡™≤‡™à‡™®‡´á ‡™∏‡´ã‡™®‡´Å‡™®‡´á ‡™ü‡´á‡™ó ‡™ï‡™∞‡´Ä‡™®‡´á ‡™ü‡´ç‡™µ‡™ø‡™ü ‡™ï‡™∞‡´Ä ‡™π‡™§‡´Ä. ‡™Ü‡™à‡™´‡´ã‡™® ‡™Æ‡™æ‡™Ç‡™ó‡™§‡™æ ‡™Ø‡´Å‡™ù‡™∞‡´á ‡™≤‡™ñ‡´ç‡™Ø‡´Å‡™Ç, '‡™∏‡™∞ ‡™è‡™™‡´ç‡™™‡™≤ ‡™Ü‡™à‡™´‡´ã‡™® ‡™ú‡´ã‡™à‡™è. ‡™Æ‡´á‡™Ç 20 ‡™µ‡™ñ‡™§ ‡™ü‡´ç‡™µ‡™ø‡™ü ‡™ï‡™∞‡´ç‡™Ø‡´Å‡™Ç ‡™õ‡´á ‡™Ö‡™®‡´á ‡™™‡™õ‡´Ä ‡™´‡™®‡´Ä ‡™à‡™Æ‡´ã‡™ú‡´Ä ‡™∂‡´á‡™∞ ‡™ï‡™∞‡´ç‡™Ø‡´ã.' ‡™§‡´ã ‡™§‡´á‡™®‡´ã ‡™∏‡´ã‡™®‡´Å‡™è ‡™Æ‡™ú‡´á‡™¶‡™æ‡™∞ ‡™ú‡™µ‡™æ‡™¨ ‡™Ü‡™™‡™§‡™æ ‡™≤‡™ñ‡´ç‡™Ø‡´Å‡™Ç ‡™π‡™§‡´Å‡™Ç ‡™ï‡´á, '‡™Æ‡™®‡´á ‡™™‡™£ ‡™è‡™ï ‡™´‡´ã‡™® ‡™ú‡´ã‡™à‡™è ‡™õ‡´á ‡™Ö‡™®‡´á ‡™§‡´á‡™®‡™æ ‡™Æ‡™æ‡™ü‡´á ‡™π‡´Å‡™Ç 21 ‡™µ‡™ñ‡™§ ‡™ü‡´ç‡™µ‡™ø‡™ü ‡™ï‡™∞‡´Ä ‡™∂‡™ï‡´Å‡™Ç ‡™õ‡´Å‡™Ç.' I also want a phone..for that I can tweet you 21 times. üòÉ https://t.co/9VGB3YKAOw ‚Äî ",2020-09-03 07:47:39.000+0000,,"‡™ü‡´ç‡™µ‡´Ä‡™ü‡™∞ ‡™™‡™∞ ‡™è‡™ï ‡™Ø‡´Å‡™ù‡™∞‡´á ‡™Ö‡™≠‡™ø‡™®‡´á‡™§‡™æ ‡™™‡™æ‡™∏‡´á ‡™Æ‡™æ‡™Ç‡™ó‡´ç‡™Ø‡´ã ‡™π‡™§‡´ã ‡™Ü‡™à‡™´‡´ã‡™®, ‡™ú‡´á‡™®‡´ã ‡™Ö‡™≠‡™ø‡™®‡´á‡™§‡™æ‡™è ‡™Ü‡™™‡´ç‡™Ø‡´ã ‡™Æ‡™ú‡´á‡™¶‡™æ‡™∞ ‡™ú‡™µ‡™æ‡™¨",0,2147483647,,,Gujarati,0,text,,,,https://img.gujaratimidday.com/images/2020/sep/sonusood-iphone_d.jpg,,https://www.gujaratimidday.com//entertainment/articles/user-asks-for-iphone-sonu-sood-said-he-will-tweet-21-times-for-a-phone-124512,,news,2147483647,FALSE,Gujarat Midday,0ce2c2ce-6f4d-4fc0-bd20-9552f3a38b20,0,0,,2020-09-03 07:47:40.052+0000,,,,"‡™∏‡´ã‡™®‡´Å ‡™∏‡´Ç‡™¶‡™®‡´á ‡™ú‡´ã‡™à‡™è ‡™õ‡´á ‡™Ü‡™à‡™´‡´ã‡™®, ‡™§‡´á ‡™Æ‡™æ‡™ü‡´á ‡™ï‡™∞‡™µ‡™æ ‡™§‡´à‡™Ø‡™æ‡™∞ ‡™õ‡´á ‡™Ü ‡™ï‡™æ‡™Æ....",,,,"0"
73c34639-d2aa-4a89-b039-eba0fbdb1b14,,,,2147483647,0,"Srikakulam: Home minister Mekathoti Sucharitha said that government has adopted technology to prevent all types of accidents in the state.Inaugurating additional buildings constructed for fire station here on Thursday, Sucharitha said that the building was constructed at the cost of Rs 48.50 lakh to provide all facilities to firemen. She inspected all the fire machines and material at the fire station and enquired about their condition also. She also asked the firemen to adopt latest technology to prevent accidents effectively. Addressing the media, the home minister said that technology was now being vastly used by the police and its related wings to prevent accidents and crimes including cybercrimes. She elaborated that in total 185 fire stations were working across the state and 12 were existed in Srikakulam and the fire safety staff protected Rs 10.81 crore worth property in 207 accidents across the district so far this year. During Titli cyclone, the fire safety staff worked hard ",2020-10-29 20:21:52.000+0000,,"Srikakulam: Home minister Mekathoti Sucharitha said that government has adopted technology to prevent all types of accidents in the state.Inaugurating additional buildings constructed for fire station here on Thursday, Sucharitha said that the building was constructed at the cost of Rs 48.50 lakh to provide all facilities to firemen. She inspected all the fire machines and material at the fire station and enquired about their condition also. She also asked the firemen to adopt latest technology to prevent accidents effectively. Addressing the media, the home minister said that technology was now being vastly used by the police and its related wings to prevent accidents and crimes including cybercrimes. She elaborated that in total 185 fire stations were working across the state and 12 were existed in Srikakulam and the fire safety staff protected Rs 10.81 crore worth property in 207 accidents across the district so far this year. During Titli cyclone, the fire safety staff worked hard ",0,2147483647,,,English,0,text,,,,https://assets.thehansindia.com/h-upload/2020/10/29/1008400-sucharitha.webp,,https://www.thehansindia.com//andhra-pradesh/srikakulam-firemen-told-to-adopt-latest-technology-to-prevent-mishaps-653677,Andhra Pradesh,news,2147483647,FALSE,Hans India,6a9c6a34-0e6e-4df3-ae26-42baaa9921b1,0,0,,2020-10-29 20:21:54.900+0000,,,,Srikakulam: Firemen told to adopt latest technology to prevent mishaps,,,,"0"
a3535ad1-06b4-4ab9-ae94-768ff4939547,,,Political & General News,2147483647,0,,2021-01-29 09:12:01.000+0000,Nandighosha TV,‡¨¶‡≠Å‡¨∞‡≠ç‡¨®‡≠Ä‡¨§‡¨ø ‡¨ó‡≠ç‡¨∞‡¨∏‡≠ç‡¨§ ‡¨ì ‡¨Ö‡¨™‡¨æ‡¨∞‡¨ó ‡¨∏‡¨∞‡¨ï‡¨æ‡¨∞‡≠Ä ‡¨¨‡¨æ‡¨¨‡≠Å‡¨ô‡≠ç‡¨ï ‡¨¨‡¨ø‡¨∞‡≠ã‡¨ß‡¨∞‡≠á ‡¨∞‡¨æ‡¨ú‡≠ç‡≠ü ‡¨∏‡¨∞‡¨ï‡¨æ‡¨∞‡¨ô‡≠ç‡¨ï ‡¨ú‡¨ø‡¨∞‡≠ã ‡¨ü‡¨≤‡¨∞‡¨æ‡¨®‡≠ç‡¨∏ ‡•§ ‡¨Ü‡¨â ‡≠Ø ‡¨Ö‡¨ß‡¨ø‡¨ï‡¨æ‡¨∞‡≠Ä‡¨ô‡≠ç‡¨ï‡≠Å ‡¨¨‡¨æ‡¨ß‡≠ç‡≠ü‡¨§‡¨æ‡¨Æ‡≠Ç‡¨≥‡¨ï ‡¨Ö‡¨¨‡¨∏‡¨∞ ‡•§ ‡¨è‡¨•‡¨ø‡¨∏‡¨π ‡¨¨‡¨æ‡¨ß‡≠ç‡≠ü‡¨§‡¨æ‡¨Æ‡≠Ç‡¨≥‡¨ï ‡¨Ö‡¨¨‡¨∏‡¨∞ ‡¨¶‡¨ø‡¨Ü‡¨Ø‡¨æ‡¨á‡¨•‡¨ø‡¨¨‡¨æ ‡¨Ö‡¨ß‡¨ø‡¨ï‡¨æ‡¨∞‡≠Ä‡¨ô‡≠ç‡¨ï ‡¨∏‡¨Ç‡¨ñ‡≠ç‡≠ü‡¨æ ‡≠ß‡≠ß‡≠©‡¨∞‡≠á ...,0,2147483647,,,Odiya,0,video,,,,https://i.ytimg.com/vi/F_DQGBCzx48/mqdefault.jpg,,https://www.youtube.com/watch?v=F_DQGBCzx48,,youtube,2147483647,TRUE,Nandighosha TV,730b1338-e51b-40dd-9112-9829e5acafe1,0,0,,2021-01-29 10:50:12.284+0000,,,,Naveen Patnaik throws out 9 corrupt government officials | NandighoshaTV,2021-01-29 09:12:01.000+0000,,,"1"
5a1e3840-c29a-45bc-a35c-53004e069d5c,,,Top Stories,2147483647,0,,2021-01-19 01:31:02.000+0000,Vaishnavi,"‡¥ï‡µã‡¥ü‡µç‡¥ü‡¥Ø‡¥Ç: ‡¥∏‡¥Ç‡¥∏‡µç‡¥•‡¥æ‡¥®‡¥§‡µç‡¥§‡µÜ ‡¥Ü‡¥¶‡µç‡¥Ø‡¥§‡µç‡¥§‡µÜ ‡¥â‡µæ‡¥®‡¥æ‡¥ü‡µª ‡¥§‡µÅ‡¥±‡¥Æ‡µÅ‡¥ñ‡¥Æ‡¥æ‡¥Ø ‡¥ï‡µã‡¥ü‡µç‡¥ü‡¥Ø‡¥Ç ‡¥™‡µã‡µº‡¥ü‡µç‡¥ü‡¥ø‡µΩ ‡¥ö‡¥∞‡¥ï‡µç‡¥ï‡µç ‡¥®‡µÄ‡¥ï‡µç‡¥ï‡¥Ç ‡¥∏‡µÅ‡¥ó‡¥Æ‡¥Æ‡¥æ‡¥ï‡µç‡¥ï‡¥æ‡µª ‡¥á‡¥∞‡µÅ‡¥™‡¥§‡µç‡¥§‡¥ø‡¥Ø‡µÜ‡¥ü‡µç‡¥ü‡¥ø‡¥≤‡µá‡¥±‡µÜ ‡¥ï‡¥£‡µç‡¥ü‡µÜ‡¥Ø‡µç‚Äå‡¥®‡¥±‡µÅ‡¥ï‡µæ ‡¥ï‡µà‡¥ï‡¥æ‡¥∞‡µç‡¥Ø‡¥Ç ‡¥ö‡µÜ‡¥Ø‡µç‡¥Ø‡¥æ‡µª ‡¥∂‡µá‡¥∑‡¥ø‡¥Ø‡µÅ‡¥≥‡µç‡¥≥ ‡¥™‡µÅ‡¥§‡¥ø‡¥Ø ‡¥¨‡¥æ‡µº‡¥ú‡µÅ‡¥ï‡µÇ‡¥ü‡¥ø‡¥Ø‡µÜ‡¥§‡µç‡¥§‡µÅ‡¥Ç. ‡¥®‡¥ø‡¥≤‡¥µ‡¥ø‡¥≤‡µÅ‡¥≥‡µç‡¥≥ ‡¥¨‡¥æ‡µº‡¥ú‡µç ‡¥µ‡¥¥‡¥ø 10 ‡¥ï‡¥£‡µç‡¥ü‡µÜ‡¥Ø‡µç‚Äå‡¥®‡µº ‡¥Æ‡¥æ‡¥§‡µç‡¥∞‡¥Æ‡¥æ‡¥£‡µç ‡¥ï‡µà‡¥ï‡¥æ‡¥∞‡µç‡¥Ø‡¥Ç ‡¥ö‡µÜ‡¥Ø‡µç‡¥Ø‡¥æ‡¥®‡¥æ‡¥ï‡µÅ‡¥ï. ‡¥á‡¥§‡¥ø‡¥®‡¥æ‡µΩ ‡¥é‡¥≤‡µç‡¥≤‡¥æ ‡¥¶‡¥ø‡¥µ‡¥∏‡¥µ‡µÅ‡¥Ç ‡¥ö‡¥∞‡¥ï‡µç‡¥ï‡µÅ ‡¥®‡µÄ‡¥ï‡µç‡¥ï‡¥Ç ‡¥®‡¥ü‡¥ï‡µç‡¥ï‡µÅ‡¥®‡µç‡¥®‡¥ø‡¥≤‡µç‡¥≤. ‡¥á‡¥®‡¥ø ‡¥ï‡µÇ‡¥ü‡µÅ‡¥§‡µΩ ‡¥ö‡¥∞‡¥ï‡µç‡¥ï‡µç ‡¥ï‡µÅ‡¥±‡¥û‡µç‡¥û ‡¥ö‡µÜ‡¥≤‡¥µ‡¥ø‡µΩ ‡¥ï‡µà‡¥ï‡¥æ‡¥∞‡µç‡¥Ø‡¥Ç ‡¥ö‡µÜ‡¥Ø‡µç‡¥Ø‡¥æ‡µª ‡¥ï‡¥¥‡¥ø‡¥Ø‡µÅ‡¥Æ‡µÜ‡¥®‡µç‡¥®‡¥æ‡¥£‡µç ‡¥™‡µç‡¥∞‡¥§‡µÄ‡¥ï‡µç‡¥∑‡¥ø‡¥ï‡µç‡¥ï‡µÅ‡¥®‡µç‡¥®‡¥§‡µç. ‡¥¨‡¥æ‡µº‡¥ú‡µç ‡¥µ‡¥¥‡¥ø ‡¥ï‡¥£‡µç‡¥ü‡µÜ‡¥Ø‡µç‚Äå‡¥®‡µº ‡¥µ‡¥∞‡µÅ‡¥Æ‡µç‡¥™‡µã‡µæ ‡¥í‡¥®‡µç‡¥®‡¥ø‡¥®‡µÅ ‡¥ï‡µÅ‡¥±‡¥û‡µç‡¥û‡¥§‡µç 4000 ‡¥∞‡µÇ‡¥™‡¥Ø‡µÅ‡¥ü‡µÜ ‡¥ö‡µÜ‡¥≤‡¥µ‡µÅ ‡¥ï‡µÅ‡¥±‡¥µ‡µÅ‡¥£‡µç‡¥ü‡¥æ‡¥ï‡µÅ‡¥Ç. ‡¥®‡¥ø‡¥≤‡¥µ‡¥ø‡µΩ ‡¥á‡¥±‡¥ï‡µç‡¥ï‡µÅ‡¥Æ‡¥§‡¥ø, ‡¥ï‡¥Ø‡¥±‡µç‡¥±‡µÅ‡¥Æ‡¥§‡¥ø ‡¥á‡¥®‡¥ô‡µç‡¥ô‡¥≥‡¥ø‡¥≤‡¥æ‡¥Ø‡¥ø ‡¥™‡µç‡¥∞‡¥§‡¥ø‡¥Æ‡¥æ‡¥∏‡¥Ç [‚Ä¶] The post ‡¥ï‡µã‡¥ü‡µç‡¥ü‡¥Ø‡¥Ç ‡¥™‡µã‡µº‡¥ü‡µç‡¥ü‡¥ø‡¥®‡µç ‡¥™‡µÅ‡¥§‡¥ø‡¥Ø ‡¥¨‡¥æ‡µº‡¥ú‡µç first appeared on MalayalamExpressOnline.",0,2147483647,,,Malayalam,0,text,,,,https://www.malayalamexpress.in/wp-content/uploads/2020/03/MEXLOGO.jpg,,https://www.malayalamexpress.in/archives/1566789/,,news,2147483647,FALSE,Malayalam Express,,0,0,,2021-01-19 01:45:46.827+0000,,,"{'Kerala', 'Kottayam', 'Top_Stories', 'kerala_mex'}",‡¥ï‡µã‡¥ü‡µç‡¥ü‡¥Ø‡¥Ç ‡¥™‡µã‡µº‡¥ü‡µç‡¥ü‡¥ø‡¥®‡µç ‡¥™‡µÅ‡¥§‡¥ø‡¥Ø ‡¥¨‡¥æ‡µº‡¥ú‡µç,,,,"0"
6a11a171-d145-49ab-b679-6707ac1c027b,,,,2147483647,0,,2020-07-25 09:31:26.892+0000,,The policy would be an enabling one and work will go forward only if 70 percent or more house owners agree to the plan,0,2147483647,,,English,0,text,,,,https://www.moneycontrol.com/news_image_files/2019/200x200/D/DDA-photo_200.jpg,,https://www.moneycontrol.com/news/real-estate/centre-proposes-redevelopmentold-dda-colonies-working-out-policy-report_14080181.html,,news,2147483647,FALSE,Money Control English,,0,0,,2020-07-25 09:31:26.892+0000,,,,"Centre proposes redevelopment of old DDA colonies, working out policy: Report",,,,"0"
b0d1aca6-0412-4914-9678-d5bb9d86c2ea,,,,2147483647,,,2020-03-04 03:01:26.000+0000,‡§∏‡§æ‡§Æ‡§®‡§æ ‡§ë‡§®‡§≤‡§æ‡§à‡§®,‡§∂‡•Ä‡§µ-‡§™‡§®‡§µ‡•á‡§≤ ‡§Æ‡§π‡§æ‡§Æ‡§æ‡§∞‡•ç‡§ó‡§æ‡§µ‡§∞‡•Ä‡§≤ ‡§µ‡§æ‡§π‡§§‡•Ç‡§ï‡§ï‡•ã‡§Ç‡§°‡•Ä ‡§∏‡•ã‡§°‡§µ‡§ø‡§£‡•ç‡§Ø‡§æ‡§∏‡§æ‡§†‡•Ä ‡§™‡§∞‡•ç‡§Ø‡§æ‡§Ø‡•Ä ‡§Æ‡§æ‡§∞‡•ç‡§ó ‡§Æ‡•ç‡§π‡§£‡•Ç‡§® ‡§§‡•Å‡§∞‡•ç‡§≠‡•á ‡§§‡•á ‡§ñ‡§æ‡§∞‡§ò‡§∞ ‡§≠‡•Å‡§Ø‡§æ‡§∞‡•Ä ‡§Æ‡§æ‡§∞‡•ç‡§ó ‡§ï‡§∞‡§£‡•ç‡§Ø‡§æ‡§ö‡§æ ‡§®‡§ø‡§∞‡•ç‡§£‡§Ø ‡§ò‡•á‡§§‡§≤‡§æ ‡§Ü‡§π‡•á.,,2147483647,,,Marathi,,text,,,,https://www.saamana.com/wp-content/uploads/2018/06/SION-PANVEL-HIGHWAY-001.jpg,,https://www.saamana.com/underground-way-between-turbhe-kharghar/,,news,2147483647,TRUE,Saamana,,,,,,,,"{'panvel', 'traffic', 'turbhe', '‡§á‡§§‡§∞ ‡§¨‡§æ‡§§‡§Æ‡•ç‡§Ø‡§æ', '‡§†‡§≥‡§ï ‡§¨‡§æ‡§§‡§Æ‡•ç‡§Ø‡§æ ‡•≠', '‡§§‡§æ‡§ú‡•ç‡§Ø‡§æ ‡§¨‡§æ‡§§‡§Æ‡•ç‡§Ø‡§æ', '‡§Æ‡§π‡§æ‡§∞‡§æ‡§∑‡•ç‡§ü‡•ç‡§∞', '‡§Æ‡•Å‡§Ç",‡§§‡•Å‡§∞‡•ç‡§≠‡•á ‡§§‡•á ‡§ñ‡§æ‡§∞‡§ò‡§∞ ‡§≠‡•Å‡§Ø‡§æ‡§∞‡•Ä ‡§Æ‡§æ‡§∞‡•ç‡§ó‡§æ‡§ö‡•á ‡§ï‡§æ‡§Æ ‡§ú‡§≤‡§¶‡§ó‡§§‡•Ä‡§®‡•á ‡§∏‡•Å‡§∞‡•Ç ‡§ï‡§∞‡§£‡§æ‡§∞,,,,""
905dd045-ccbf-4b6d-8cfc-972fa9df13ef,,,Top Stories,2147483647,0,‡¥Æ‚Äã‡¥≤‚Äã‡¥™‡µç‡¥™‡µÅ‚Äã‡¥±‡¥Ç: ‡¥™‡¥æ‚Äã‡¥≤‚Äã‡¥ï‡µç‡¥ï‡¥æ‚Äã‡¥ü‡µç‡¥ü‡µç ‡¥ó‚Äã‡µº‚Äã‡¥≠‡¥ø‚Äã‡¥£‡¥ø‚Äã‡¥Ø‡¥æ‚Äã‡¥Ø ‡¥ï‡¥æ‚Äã‡¥ü‡µç‡¥ü‡¥æ‚Äã‡¥® ‡¥¶‡µÅ‚Äã‡¥∞‡µÇ‚Äã‡¥π ‡¥∏‡¥æ‚Äã‡¥π‚Äã‡¥ö‚Äã‡¥∞‡µç‡¥Ø‚Äã‡¥§‡µç‡¥§‡¥ø‚Äã‡µΩ ‡¥ï‡µä‚Äã‡¥≤‡µç‡¥≤‚Äã‡¥™‡µç‡¥™‡µÜ‚Äã‡¥ü‡µç‡¥ü ‡¥∏‡¥Ç‚Äã‡¥≠‚Äã‡¥µ‚Äã‡¥§‡µç‡¥§‡¥ø‚Äã‡µΩ ‡¥Æ‚Äã‡¥≤‚Äã‡¥™‡µç‡¥™‡µÅ‚Äã‡¥±‡¥Ç ‡¥ú‡¥ø‚Äã‡¥≤‡µç‡¥≤‚Äã‡¥ï‡µç‡¥ï‡µÜ‚Äã‡¥§‡¥ø‚Äã‡¥∞‡µÜ ‡¥µ‡¥ø‚Äã‡¥¶‡µç‡¥µ‡µá‚Äã‡¥∑ ‡¥™‡µç‡¥∞‚Äã‡¥∏‡µç‡¥§‡¥æ‚Äã‡¥µ‚Äã‡¥® ‡¥®‚Äã‡¥ü‚Äã‡¥§‡µç‡¥§‡¥ø‚Äã‡¥Ø ‡¥¨‡¥ø‚Äã‡¥ú‡µÜ‚Äã‡¥™‡¥ø ‡¥é‡¥Ç‚Äã‡¥™‡¥ø‚Äã‡¥Ø‡µÅ‡¥Ç ‡¥Æ‡µÅ‚Äã‡¥®‡µç‚Äç ‡¥ï‡µá‚Äã‡¥®‡µç‡¥¶‡µç‡¥∞ ‡¥Æ‚Äã‡¥®‡µç‡¥§‡µç‡¥∞‡¥ø‚Äã‡¥Ø‡µÅ‚Äã‡¥Æ‡¥æ‚Äã‡¥Ø ‡¥Æ‚Äã‡¥®‡µá‚Äã‡¥ï ‡¥ó‡¥æ‚Äã‡¥®‡µç‡¥ß‡¥ø‚Äã‡¥ï‡µç‡¥ï‡µÜ‚Äã‡¥§‡¥ø‚Äã‡¥∞‡µÜ ‡¥Æ‡µÅ‚Äã‡¥∏‡µç‚Äå‚Äã‡¥≤‡¥ø‡¥Ç ‡¥≤‡µÄ‚Äã‡¥ó‡µç ‡¥µ‚Äã‡¥ï‡µç‡¥ï‡µÄ‚Äã‡µΩ ‡¥®‡µã‚Äã‡¥ü‡µç‡¥ü‡µÄ‚Äã‡¥∏‡µç ‡¥Ö‚Äã‡¥Ø‚Äã‡¥ö‡µç‡¥ö‡µÅ. ‡¥Æ‡µÅ‚Äã‡¥∏‡µç‚Äå‚Äã‡¥≤‡¥ø‡¥Ç ‡¥≤‡µÄ‚Äã‡¥ó‡µç ‡¥∏‡¥Ç‚Äã‡¥∏‡µç‡¥•‡¥æ‚Äã‡¥® ‡¥ú‚Äã‡¥®‚Äã‡¥±‚Äã‡µΩ ‡¥∏‡µÜ‚Äã‡¥ï‡µç‡¥∞‚Äã‡¥ü‡µç‡¥ü‚Äã‡¥±‡¥ø ‡¥ï‡µÜ.‚Äã‡¥™‡¥ø.‚Äã‡¥é ‡¥Æ‚Äã‡¥ú‡µÄ‚Äã‡¥¶‡µç‚Äå ‡¥™‡¥æ‚Äã‡µº‚Äã‡¥ü‡µç‡¥ü‡¥ø‚Äã‡¥Ø‡µÅ‚Äã‡¥ü‡µÜ ‡¥Ö‚Äã‡¥≠‡¥ø‚Äã‡¥≠‡¥æ‚Äã‡¥∑‚Äã‡¥ï ‡¥∏‡¥Ç‚Äã‡¥ò‚Äã‡¥ü‚Äã‡¥®‚Äã‡¥Ø‡¥æ‚Äã‡¥Ø ‡¥≤‡µã‚Äã‡¥Ø‡µá‚Äã‡¥¥‡µç‡¥∏‡µç ‡¥´‡µã‚Äã‡¥±‡¥Ç ‡¥Æ‡µÅ‚Äã‡¥ñ‡µá‚Äã‡¥®‚Äã‡¥Ø‡¥æ‚Äã‡¥£‡µç ‡¥µ‚Äã‡¥ï‡µç‡¥ï‡µÄ‚Äã‡µΩ ‡¥®‡µã‚Äã‡¥ü‡µç‡¥ü‡µÄ‚Äã‡¥∏‚Äã‡¥Ø‚Äã‡¥ö‡µç‡¥ö‚Äã‡¥§‡µç.,2020-06-04 17:40:13.000+0000,,‡¥Æ‚Äã‡¥≤‚Äã‡¥™‡µç‡¥™‡µÅ‚Äã‡¥±‡¥Ç: ‡¥™‡¥æ‚Äã‡¥≤‚Äã‡¥ï‡µç‡¥ï‡¥æ‚Äã‡¥ü‡µç‡¥ü‡µç ‡¥ó‚Äã‡µº‚Äã‡¥≠‡¥ø‚Äã‡¥£‡¥ø‚Äã‡¥Ø‡¥æ‚Äã‡¥Ø ‡¥ï‡¥æ‚Äã‡¥ü‡µç‡¥ü‡¥æ‚Äã‡¥® ‡¥¶‡µÅ‚Äã‡¥∞‡µÇ‚Äã‡¥π ‡¥∏‡¥æ‚Äã‡¥π‚Äã‡¥ö‚Äã‡¥∞‡µç‡¥Ø‚Äã‡¥§‡µç‡¥§‡¥ø‚Äã‡µΩ ‡¥ï‡µä‚Äã‡¥≤‡µç‡¥≤‚Äã‡¥™‡µç‡¥™‡µÜ‚Äã‡¥ü‡µç‡¥ü ‡¥∏‡¥Ç‚Äã‡¥≠‚Äã‡¥µ‚Äã‡¥§‡µç‡¥§‡¥ø‚Äã‡µΩ ‡¥Æ‚Äã‡¥≤‚Äã‡¥™‡µç‡¥™‡µÅ‚Äã‡¥±‡¥Ç ‡¥ú‡¥ø‚Äã‡¥≤‡µç‡¥≤‚Äã‡¥ï‡µç‡¥ï‡µÜ‚Äã‡¥§‡¥ø‚Äã‡¥∞‡µÜ ‡¥µ‡¥ø‚Äã‡¥¶‡µç‡¥µ‡µá‚Äã‡¥∑ ‡¥™‡µç‡¥∞‚Äã‡¥∏‡µç‡¥§‡¥æ‚Äã‡¥µ‚Äã‡¥® ‡¥®‚Äã‡¥ü‚Äã‡¥§‡µç‡¥§‡¥ø‚Äã‡¥Ø ‡¥¨‡¥ø‚Äã‡¥ú‡µÜ‚Äã‡¥™‡¥ø ‡¥é‡¥Ç‚Äã‡¥™‡¥ø‚Äã‡¥Ø‡µÅ‡¥Ç ‡¥Æ‡µÅ‚Äã‡¥®‡µç‚Äç ‡¥ï‡µá‚Äã‡¥®‡µç‡¥¶‡µç‡¥∞ ‡¥Æ‚Äã‡¥®‡µç‡¥§‡µç‡¥∞‡¥ø‚Äã‡¥Ø‡µÅ‚Äã‡¥Æ‡¥æ‚Äã‡¥Ø ‡¥Æ‚Äã‡¥®‡µá‚Äã‡¥ï ‡¥ó‡¥æ‚Äã‡¥®‡µç‡¥ß‡¥ø‚Äã‡¥ï‡µç‡¥ï‡µÜ‚Äã‡¥§‡¥ø‚Äã‡¥∞‡µÜ ‡¥Æ‡µÅ‚Äã‡¥∏‡µç‚Äå‚Äã‡¥≤‡¥ø‡¥Ç ‡¥≤‡µÄ‚Äã‡¥ó‡µç ‡¥µ‚Äã‡¥ï‡µç‡¥ï‡µÄ‚Äã‡µΩ ‡¥®‡µã‚Äã‡¥ü‡µç‡¥ü‡µÄ‚Äã‡¥∏‡µç ‡¥Ö‚Äã‡¥Ø‚Äã‡¥ö‡µç‡¥ö‡µÅ. ‡¥Æ‡µÅ‚Äã‡¥∏‡µç‚Äå‚Äã‡¥≤‡¥ø‡¥Ç ‡¥≤‡µÄ‚Äã‡¥ó‡µç ‡¥∏‡¥Ç‚Äã‡¥∏‡µç‡¥•‡¥æ‚Äã‡¥® ‡¥ú‚Äã‡¥®‚Äã‡¥±‚Äã‡µΩ ‡¥∏‡µÜ‚Äã‡¥ï‡µç‡¥∞‚Äã‡¥ü‡µç‡¥ü‚Äã‡¥±‡¥ø ‡¥ï‡µÜ.‚Äã‡¥™‡¥ø.‚Äã‡¥é ‡¥Æ‚Äã‡¥ú‡µÄ‚Äã‡¥¶‡µç‚Äå ‡¥™‡¥æ‚Äã‡µº‚Äã‡¥ü‡µç‡¥ü‡¥ø‚Äã‡¥Ø‡µÅ‚Äã‡¥ü‡µÜ ‡¥Ö‚Äã‡¥≠‡¥ø‚Äã‡¥≠‡¥æ‚Äã‡¥∑‚Äã‡¥ï ‡¥∏‡¥Ç‚Äã‡¥ò‚Äã‡¥ü‚Äã‡¥®‚Äã‡¥Ø‡¥æ‚Äã‡¥Ø ‡¥≤‡µã‚Äã‡¥Ø‡µá‚Äã‡¥¥‡µç‡¥∏‡µç ‡¥´‡µã‚Äã‡¥±‡¥Ç ‡¥Æ‡µÅ‚Äã‡¥ñ‡µá‚Äã‡¥®‚Äã‡¥Ø‡¥æ‚Äã‡¥£‡µç ‡¥µ‚Äã‡¥ï‡µç‡¥ï‡µÄ‚Äã‡µΩ ‡¥®‡µã‚Äã‡¥ü‡µç‡¥ü‡µÄ‚Äã‡¥∏‚Äã‡¥Ø‚Äã‡¥ö‡µç‡¥ö‚Äã‡¥§‡µç.,0,2147483647,,,Malayalam,0,text,,,,https://www.deepika.com/NewsImages/manekagandhi_040620.jpg,,https://www.deepika.com/News_Latest.aspx?catcode=latestin&newscode=333470,,news,2147483647,FALSE,Deepika Malyalam,420e90be-0c04-435f-9de4-9efdde303854,0,0,,2020-06-04 17:40:14.219+0000,,,,"""‡¥Æ‚Äã‡¥≤‚Äã‡¥™‡µç‡¥™‡µÅ‚Äã‡¥±‡¥Ç ‡¥ú‡¥ø‚Äã‡¥≤‡µç‡¥≤‚Äã‡¥Ø‡µÜ ‡¥Ö‚Äã‡¥µ‚Äã‡¥π‡µá‚Äã‡¥≥‡¥ø‚Äã‡¥ö‡µç‡¥ö ‡¥Æ‚Äã‡¥®‡µá‚Äã‡¥ï ‡¥ó‡¥æ‚Äã‡¥®‡µç‡¥ß‡¥ø ‡¥Æ‡¥æ‚Äã‡¥™‡µç‡¥™‡µÅ‚Äã‡¥™‚Äã‡¥±‚Äã‡¥Ø‚Äã‡¥£‡¥Ç"," ‡¥µ‚Äã‡¥ï‡µç‡¥ï‡µÄ‚Äã‡¥≤‡µç‚Äç ‡¥®‡µã‚Äã‡¥ü‡µç‡¥ü‡µÄ‚Äã‡¥∏‡µÅ‚Äã‡¥Æ‡¥æ‚Äã‡¥Ø‡¥ø ‡¥Æ‡µÅ‚Äã‡¥∏‡µç‚Äå‚Äã‡¥≤‡¥ø‡¥Ç ‡¥≤‡µÄ‚Äã‡¥ó‡µç""",,,0
672a5987-e4e9-45d5-9360-07c06ced9ca3,,,,2147483647,,,2020-05-05 04:36:44.000+0000,Janam TV Web Desk,"‡¥§‡¥ø‡¥∞‡µÅ‡¥µ‡¥®‡¥®‡µç‡¥§‡¥™‡µÅ‡¥∞‡¥Ç: ‡¥≤‡µã‡¥ï‡µç ‡¥°‡µó‡¥£‡¥ø‡¥®‡µÅ ‡¥∂‡µá‡¥∑‡¥Ç ‡¥í‡¥∞‡¥æ‡¥¥‡µç‡¥ö‡¥§‡µç‡¥§‡µÜ ‡¥á‡¥ü‡¥µ‡µá‡¥≥‡¥Ø‡¥ø‡¥≤‡µç‚Äç ‡¥é‡¥∏‡µç‡¥é‡¥∏‡µç‡¥é‡¥≤‡µç‚Äç‡¥∏‡¥ø ,‡¥™‡µç‡¥≤‡¥∏‡µç‡¥ü‡µÅ ‡¥™‡¥∞‡µÄ‡¥ï‡µç‡¥∑‡¥ï‡¥≥‡µç‚Äç ‡¥®‡¥ü‡¥§‡µç‡¥§‡¥æ‡¥®‡µç‚Äç ‡¥®‡¥ø‡¥∞‡µç‚Äç‡¥¶‡µç‡¥¶‡µá‡¥∂‡¥Ç. ‡¥í‡¥∞‡µÅ ‡¥¨‡µÜ‡¥û‡µç‡¥ö‡¥ø‡¥≤‡µç‚Äç ‡¥∞‡¥£‡µç‡¥ü‡µç ‡¥™‡µá‡¥∞‡µÜ ‡¥Æ‡¥æ‡¥§‡µç‡¥∞‡¥Ç ‡¥Ö‡¥®‡µÅ‡¥µ‡¥¶‡¥ø‡¥ö‡µç‡¥ö‡µç ‡¥Ö‡¥ü‡µÅ‡¥™‡µç‡¥™‡¥ø‡¥ö‡µç‡¥ö‡µÅ‡¥≥‡µç‡¥≥ ‡¥¶‡¥ø‡¥µ‡¥∏‡¥ô‡µç‡¥ô‡¥≥‡¥ø‡¥≤‡µç‚Äç ‡¥™‡¥∞‡µÄ‡¥ï‡µç‡¥∑ ‡¥®‡¥ü‡¥§‡µç‡¥§‡¥æ‡¥®‡¥æ‡¥£‡µç ‡¥Ü‡¥≤‡µã‡¥ö‡¥®‡¥Ø‡µÜ‡¥®‡µç‡¥®‡µç ‡¥Ö‡¥ß‡¥ø‡¥ï‡µÉ‡¥§‡¥∞‡µç‚Äç ‡¥Ö‡¥±‡¥ø‡¥Ø‡¥ø‡¥ö‡µç‡¥ö‡µÅ. ‡¥™‡µç‡¥≤‡¥∏‡µç‡¥ü‡µÅ ‡¥™‡¥∞‡µÄ‡¥ï‡µç‡¥∑ ‡¥∞‡¥æ‡¥µ‡¥ø‡¥≤‡µÜ‡¥Ø‡µÅ‡¥Ç ‡¥é‡¥∏‡µç‡¥é‡¥∏‡µç‡¥é‡¥≤‡µç‚Äç‡¥∏‡¥ø ‡¥™‡¥∞‡µÄ‡¥ï‡µç‡¥∑ ‡¥â‡¥ö‡µç‡¥ö‡¥ï‡¥¥‡¥ø‡¥û‡µç‡¥û‡µÅ‡¥Æ‡¥æ‡¥Ø‡¥ø‡¥∞‡¥ø‡¥ï‡µç‡¥ï‡µÅ‡¥Ç ‡¥®‡¥ü‡¥§‡µç‡¥§‡µÅ‡¥ï. ‡¥™‡µä‡¥§‡µÅ‡¥ó‡¥§‡¥æ‡¥ó‡¥§‡¥Ç ‡¥Ü‡¥∞‡¥Ç‡¥≠‡¥ø‡¥ö‡µç‡¥ö ‡¥∂‡µá‡¥∑‡¥Ç ‡¥Æ‡¥§‡¥ø‡¥Ø‡µã ‡¥™‡¥∞‡µÄ‡¥ï‡µç‡¥∑ ‡¥®‡¥ü‡¥§‡µç‡¥§‡µÅ‡¥ï ‡¥é‡¥®‡µç‡¥® ‡¥ï‡¥æ‡¥∞‡µç‡¥Ø‡¥§‡µç‡¥§‡¥ø‡¥≤‡µç‚Äç ‡¥§‡µÄ‡¥∞‡µÅ‡¥Æ‡¥æ‡¥®‡¥Æ‡¥æ‡¥Ø‡¥ø‡¥≤‡µç‡¥≤. ‡¥™‡¥∞‡µÄ‡¥ï‡µç‡¥∑‡¥æ ‡¥®‡¥ü‡¥§‡µç‡¥§‡¥ø‡¥™‡µç‡¥™‡µç ‡¥∏‡¥Ç‡¥¨‡¥®‡µç‡¥ß‡¥ø‡¥ö‡µç‡¥ö‡µç ‡¥µ‡¥ø‡¥¶‡µç‡¥Ø‡¥æ‡¥≠‡µç‡¥Ø‡¥æ‡¥∏ ‡¥Æ‡¥®‡µç‡¥§‡µç‡¥∞‡¥ø ‡¥∏‡¥ø ‡¥∞‡¥µ‡µÄ‡¥®‡µç‡¥¶‡µç‡¥∞‡¥®‡¥æ‡¥•‡µç ‡¥Æ‡µÅ‡¥ñ‡µç‡¥Ø‡¥Æ‡¥®‡µç‡¥§‡µç‡¥∞‡¥ø‡¥Ø‡µÅ‡¥Æ‡¥æ‡¥Ø‡¥ø ‡¥®‡¥æ‡¥≥‡µÜ ‡¥ö‡¥∞‡µç‚Äç‡¥ö‡µç‡¥ö ‡¥®‡¥ü‡¥§‡µç‡¥§‡µÅ‡¥Ç. ‡¥Æ‡µÇ‡¥≤‡µç‡¥Ø‡¥®‡¥ø‡¥∞‡µç‚Äç‡¥£‡¥Ø‡¥Ç ‡¥∏‡¥Ç‡¥¨‡¥®‡µç‡¥ß‡¥ø‡¥ö‡µç‡¥ö‡µç ‡¥π‡µã‡¥Ç ‡¥µ‡¥æ‡¥≤‡µç‡¥Ø‡µÇ‡¥µ‡µá‡¥∑‡¥®‡µç‚Äç [‚Ä¶]",,2147483647,,,Malayalam,,text,,,,https://janamtv.com/wp-content/uploads/2019/08/exam.jpg,,https://janamtv.com/80236859/,,news,2147483647,TRUE,Janamtv,,,,,2020-05-05 04:46:01.207+0000,,,"{'Kerala', 'MAIN'}","""‡¥é‡¥∏‡µç‡¥é‡¥∏‡µç‡¥é‡¥≤‡µç‚Äç‡¥∏‡¥ø ,‡¥™‡µç‡¥≤‡¥∏‡µç‡¥ü‡µÅ ‡¥™‡¥∞‡µÄ‡¥ï‡µç‡¥∑‡¥ï‡¥≥‡µç‚Äç ‡¥Ö‡¥ü‡µÅ‡¥™‡µç‡¥™‡¥ø‡¥ö‡µç‡¥ö‡µÅ‡¥≥‡µç‡¥≥ ‡¥¶‡¥ø‡¥µ‡¥∏‡¥ô‡µç‡¥ô‡¥≥‡¥ø‡¥≤‡µç‚Äç"," ‡¥í‡¥∞‡µÅ ‡¥¨‡µÜ‡¥û‡µç‡¥ö‡¥ø‡¥≤‡µç‚Äç ‡¥∞‡¥£‡µç‡¥ü‡µç ‡¥™‡µá‡¥∞‡µç‚Äç, ‡¥∞‡¥æ‡¥µ‡¥ø‡¥≤‡µÜ‡¥Ø‡µÅ‡¥Ç ‡¥â‡¥ö‡µç‡¥ö‡¥ï‡¥¥‡¥ø‡¥û‡µç‡¥û‡µÅ‡¥Æ‡¥æ‡¥Ø‡¥ø ‡¥™‡¥∞‡µÄ‡¥ï‡µç‡¥∑""",,,0
f6486cbd-3a8e-43bb-9d45-2fe4ac4ca651,,,,2147483647,0,,2020-10-05 06:45:02.021+0000,DNA Web Team,"Anushka is enjoying a long break from acting after the release of Zero, which saw her alongside Shah Rukh Khan and Katrina Kaif.",0,143,,,English,0,text,,,,https://cdn.dnaindia.com/sites/default/files/styles/third/public/2020/10/05/929281-anushka-sharma.jp,,https://www.dnaindia.com/bollywood/report-mommy-to-be-anushka-sharma-shares-black-and-white-pic-virat-kohli-is-all-hearts-2847539,,news,2147483647,TRUE,DNA India,,0,0,,2020-10-05 06:38:38.106+0000,,,"{'Bollywood', 'Entertainment'}","""Mommy-to-be Anushka Sharma shares black and white pic"," Virat Kohli is all hearts""",2020-10-05 06:45:02.021+0000,,0
0160bce9-bcd4-4255-a4ec-b734a3407127,,,Bihar,2147483647,0,,2020-12-27 22:30:00.000+0000,"‡§¶‡•à‡§®‡§ø‡§ï ‡§≠‡§æ‡§∏‡•ç‡§ï‡§∞,,1733","‡§ú‡§ø‡§≤‡§æ ‡§ñ‡§®‡§® ‡§™‡§¶‡§æ‡§ß‡§ø‡§ï‡§æ‡§∞‡•Ä ‡§ï‡•á ‡§∏‡§æ‡§• ‡§ñ‡§®‡§® ‡§Æ‡§æ‡§´‡§ø‡§Ø‡§æ‡§ì‡§Ç ‡§¶‡•ç‡§µ‡§æ‡§∞‡§æ ‡§∂‡§®‡§ø‡§µ‡§æ‡§∞ ‡§ï‡•ã ‡§ï‡§ø‡§è ‡§ó‡§è ‡§Æ‡§æ‡§∞‡§™‡•Ä‡§ü ‡§ï‡•Ä ‡§ò‡§ü‡§®‡§æ ‡§ï‡•ã ‡§ó‡§Ç‡§≠‡•Ä‡§∞‡§§‡§æ ‡§∏‡•á ‡§≤‡•á‡§§‡•á ‡§π‡•Å‡§è ‡§™‡•ç‡§∞‡§∂‡§æ‡§∏‡§® ‡§®‡•á ‡§∂‡§®‡§ø‡§µ‡§æ‡§∞ ‡§ï‡•Ä ‡§∞‡§æ‡§§‡•ç‡§∞‡§ø ‡§Æ‡•á‡§Ç ‡§¶‡§∞‡•ç‡§ú‡§®‡•ã‡§Ç ‡§∏‡•ç‡§•‡§æ‡§® ‡§™‡§∞ ‡§õ‡§æ‡§™‡§æ ‡§Æ‡§æ‡§∞‡§æ, ‡§õ‡§æ‡§™‡•á‡§Æ‡§æ‡§∞‡•Ä ‡§ï‡•á ‡§¶‡•å‡§∞‡§æ‡§® ‡§Æ‡§æ‡§∞‡§™‡•Ä‡§ü ‡§ï‡•Ä ‡§ò‡§ü‡§®‡§æ‡§ì‡§Ç ‡§Æ‡•á‡§Ç ‡§∏‡§Ç‡§≤‡§ø‡§™‡•ç‡§§ ‡§°‡§¨‡•ç‡§≤‡•Ç ‡§ï‡•Å‡§Æ‡§æ‡§∞ ‡§è‡§µ‡§Ç ‡§∞‡•ã‡§∂‡§® ‡§ï‡•Å‡§Æ‡§æ‡§∞ ‡§ï‡•ã ‡§â‡§∏‡§ï‡•á ‡§ò‡§∞ ‡§™‡§∞ ‡§∏‡•á ‡§ó‡§ø‡§∞‡§´‡•ç‡§§‡§æ‡§∞ ‡§ï‡§∞ ‡§≤‡§ø‡§Ø‡§æ‡•§ ‡§Æ‡§ü‡§ø‡§π‡§æ‡§®‡•Ä ‡§•‡§æ‡§®‡§æ‡§ß‡•ç‡§Ø‡§ï‡•ç‡§∑ ‡§™‡§∞‡§∂‡•Å‡§∞‡§æ‡§Æ ‡§∏‡§ø‡§Ç‡§π ‡§®‡•á ‡§¨‡§§‡§æ‡§Ø‡§æ ‡§ï‡§ø ‡§∞‡§æ‡§§‡•ç‡§∞‡§ø ‡§Æ‡•á‡§Ç ‡§∏‡§∞‡•ç‡§ï‡§ø‡§≤ ‡§á‡§Ç‡§∏‡•ç‡§™‡•á‡§ï‡•ç‡§ü‡§∞ ‡§Æ‡§¶‡§® ‡§ï‡•Å‡§Æ‡§æ‡§∞ ‡§∏‡§ø‡§Ç‡§π ‡§ï‡•á ‡§®‡•á‡§§‡•É‡§§‡•ç‡§µ ‡§Æ‡•á‡§Ç ‡§®‡§Ø‡§æ‡§ó‡§æ‡§Ç‡§µ ‡§•‡§æ‡§®‡§æ‡§ß‡•ç‡§Ø‡§ï‡•ç‡§∑ ‡§Æ‡§æ‡§ß‡§µ ‡§ï‡•Å‡§Æ‡§æ‡§∞, ‡§≤‡§æ‡§ñ‡•ã ‡§•‡§æ‡§®‡§æ‡§ß‡•ç‡§Ø‡§ï‡•ç‡§∑ ‡§∏‡§Ç‡§§‡•ã‡§∑ ‡§∂‡§∞‡•ç‡§Æ‡§æ ‡§è‡§µ‡§Ç ‡§Æ‡§ü‡§ø‡§π‡§æ‡§®‡•Ä ‡§•‡§æ‡§®‡•á ‡§ï‡•Ä ‡§™‡•Å‡§≤‡§ø‡§∏ ‡§®‡•á ‡§¶‡§≤ ‡§¨‡§≤ ‡§ï‡•á ‡§∏‡§æ‡§• ‡§∞‡§æ‡§Æ‡§¶‡•Ä‡§∞‡•Ä ‡§Æ‡•á‡§Ç ‡§õ‡§æ‡§™‡•á‡§Æ‡§æ‡§∞‡•Ä ‡§ï‡•Ä‡•§ ‡§â‡§®‡•ç‡§π‡•ã‡§Ç‡§®‡•á ‡§¨‡§§‡§æ‡§Ø‡§æ ‡§ï‡§ø ‡§ñ‡§®‡§® ‡§™‡§¶‡§æ‡§ß‡§ø‡§ï‡§æ‡§∞‡•Ä ‡§ï‡•á ‡§¶‡•ç‡§µ‡§æ‡§∞‡§æ ‡§Æ‡§æ‡§∞‡§™‡•Ä‡§ü ‡§ï‡§æ ‡§ú‡•ã ‡§µ‡•Ä‡§°‡§ø‡§Ø‡•ã ‡§¶‡§ø‡§Ø‡§æ ‡§ó‡§Ø‡§æ ‡§π‡•à, ‡§â‡§∏‡§ï‡•á ‡§Ü‡§ß‡§æ‡§∞ ‡§™‡§∞ ‡§°‡§¨‡•ç‡§≤‡•Ç ‡§ï‡•Å‡§Æ‡§æ‡§∞ ‡§î‡§∞ ‡§∞‡•ã‡§∂‡§® ‡§ï‡•Å‡§Æ‡§æ‡§∞ ‡§ï‡•ã ‡§ó‡§ø‡§∞‡§´‡•ç‡§§‡§æ‡§∞ ‡§ï‡§ø‡§Ø‡§æ ‡§ó‡§Ø‡§æ ‡§π‡•à‡•§ ‡§â‡§®‡•ç‡§π‡•ã‡§Ç‡§®‡•á ‡§ï‡§π‡§æ ‡§ï‡§ø ‡§â‡§ï‡•ç‡§§ ‡§ò‡§ü‡§®‡§æ ‡§Æ‡•á‡§Ç ‡§§‡•Ä‡§® ‡§®‡§æ‡§Æ‡§ú‡§¶ ‡§Ö‡§≠‡§ø‡§Ø‡•Å‡§ï‡•ç‡§§ ‡§∞‡§æ‡§Æ‡§¶‡•Ä‡§∞‡•Ä ‡§®‡§ø‡§µ‡§æ‡§∏‡•Ä ‡§™‡§™‡•ç‡§™‡•Ç ‡§∏‡§ø‡§Ç‡§π, ‡§∏‡•Å‡§¨‡•ã‡§ß ‡§∏‡§ø‡§Ç‡§π ‡§µ ‡§ï‡§æ‡§∞‡•á ‡§∏‡§ø‡§Ç‡§π ‡§™‡•ç‡§∞‡§∂‡§æ‡§∏‡§® ‡§ï‡•á ‡§°‡§∞ ‡§∏‡•á ‡§´‡§∞‡§æ‡§∞ ‡§π‡•ã ‡§ó‡§è ‡§π‡•à‡§Ç ‡§ú‡§ø‡§®‡•ç‡§π‡•á‡§Ç ‡§ó‡§ø‡§∞‡§´‡•ç‡§§‡§æ‡§∞ ‡§ï‡§∞‡§®‡•á ‡§π‡•á‡§§‡•Å ‡§™‡•Å‡§≤‡§ø‡§∏ ‡§Ö‡§≤‡§ó-‡§Ö‡§≤‡§ó ‡§∏‡•ç‡§•‡§æ‡§®‡•ã‡§Ç ‡§™‡§∞ ‡§õ‡§æ‡§™‡•á‡§Æ‡§æ‡§∞‡•Ä ‡§ï‡§∞ ‡§∞‡§π‡•Ä ‡§π‡•à‡•§ ‡§ï‡§ø‡§∏‡•Ä ‡§≠‡•Ä ‡§¶‡•ã‡§∑‡•Ä ‡§ï‡•ã ‡§¨‡§ñ‡•ç‡§∂‡§æ ‡§®‡§π‡•Ä‡§Ç ‡§ú‡§æ‡§è‡§ó‡§æ‡•§ ‡§¨‡§§‡§æ‡§§‡•á ‡§ö‡§≤‡•á‡§Ç ‡§ï‡§ø ‡§∂‡§®‡§ø‡§µ‡§æ‡§∞ ‡§ï‡•ã ‡§ñ‡§®‡§® ‡§Æ‡§æ‡§´‡§ø‡§Ø‡§æ‡§ì‡§Ç ‡§¶‡•ç‡§µ‡§æ‡§∞‡§æ ‡§ó‡§Ç‡§ó‡§æ ‡§¶‡§ø‡§Ø‡§æ‡§∞‡§æ ‡§ï‡•ç‡§∑‡•á‡§§‡•ç‡§∞ ‡§Æ‡•á‡§Ç ‡§Ö‡§µ‡•à‡§ß ‡§∞‡•Ç‡§™ ‡§∏‡•á ‡§ñ‡§®‡§® ‡§ï‡•Ä ‡§∏‡•Ç‡§ö‡§®‡§æ ‡§™‡§∞ ‡§ñ‡§®‡§® ‡§™‡§¶‡§æ‡§ß‡§ø‡§ï‡§æ‡§∞‡•Ä ‡§∂‡§®‡§ø‡§µ‡§æ‡§∞ ‡§ï‡•ã ‡§∞‡§æ‡§Æ‡§¶‡•Ä",0,2147483647,,,Hindi,0,text,,,,https://i9.dainikbhaskar.com/thumbnails/680x588/web2images/www.bhaskar.com/2020/12/27/,,https://www.bhaskar.com/local/bihar/patna/mtihani/news/two-accused-of-assaulting-a-district-mining-officer-arrested-128057571.html,,news,2147483647,FALSE,DainikBhaskar,7dbb1b21-fc91-4af5-9761-ae71848fe854,0,0,,2020-12-27 23:29:45.620+0000,,,,‡§ú‡§ø‡§≤‡§æ ‡§ñ‡§®‡§® ‡§™‡§¶‡§æ‡§ß‡§ø‡§ï‡§æ‡§∞‡•Ä ‡§ï‡•á ‡§∏‡§æ‡§• ‡§Æ‡§æ‡§∞‡§™‡•Ä‡§ü ‡§ï‡§∞‡§®‡•á ‡§ï‡•á ‡§¶‡•ã ‡§Ü‡§∞‡•ã‡§™‡•Ä ‡§ó‡§ø‡§∞‡§´‡•ç‡§§‡§æ‡§∞,,,,"0"
e0d431cb-455f-4f16-8990-01b1927ec8df,,,,2147483647,,,2020-04-21 10:08:25.000+0000,LostTemple7,"""RT @vastuchitra: ' Virupaksha Temple - Hampi'

@KarnatakaWorld @incredibleindia @Canon_India @lonelyplanet_in https://t.co/0QYdBejF7L""",,2147483647,,,,,text,,,,https://pbs.twimg.com/media/EWGmTUcU8AAUoOf.jpg,,https://twitter.com/LostTemple7/status/1252539679007633410,bharat,Twitter,2147483647,TRUE,Lost Temples,c43d9ed3-99f3-429c-a7f3-5271e2744efe,,,,,,,,"""RT @vastuchitra: ' Virupaksha Temple - Hampi'

@KarnatakaWorld @incredibleindia @Canon_India @lonelyplanet_in https://t.co/0QYdBejF7L""",,,,""
196d504f-10cb-4de8-aae9-b07cda954975,,,Top Stories,2147483647,,"""‡≤¨‡≥Ü‡≤Ç‡≤ó‡≤≥‡≥Ç‡≤∞‡≥Å (‡≤Æ‡≥á. 06):xa0xa0‡≤Ø‡≥Å‡≤é‡≤á‡≤Ø‡≤ø‡≤Ç‡≤¶ ‡≤Ö‡≤®‡≤ø‡≤µ‡≤æ‡≤∏‡≤ø ‡≤≠‡≤æ‡≤∞‡≤§‡≥Ä‡≤Ø‡≤∞‡≤®‡≥ç‡≤®‡≥Å ‡≤ï‡≤∞‡≥Ü‡≤§‡≤∞‡≥Å‡≤µ ‡≤Æ‡≥ä‡≤¶‡≤≤ ‡≤™‡≤ü‡≥ç‡≤ü‡≤ø‡≤Ø‡≤≤‡≥ç‡≤≤‡≤ø ‡≤ó‡≤∞‡≥ç‡≤≠‡≤ø‡≤£‡≤ø‡≤Ø‡≤∞‡≤®‡≥ç‡≤®‡≥Å ‡≤∏‡≥á‡≤∞‡≤ø‡≤∏‡≥Å‡≤µ‡≤Ç‡≤§‡≥Ü ‡≤ï‡≤∞‡≥ç‡≤®‡≤æ‡≤ü‡≤ï ‡≤é‡≤®‡≥ç‚Äå‡≤Ü‡≤∞‡≥ç‚Äå‡≤ê ‡≤´‡≥ã‡≤∞‡≤Ç ‡≤Æ‡≤®‡≤µ‡≤ø ‡≤Æ‡≤æ‡≤°‡≤ø‡≤¶‡≥Ü. ‡≤à ‡≤ï‡≥Å‡≤∞‡≤ø‡≤§‡≥Å ‡≤Æ‡≥Å‡≤ñ‡≥ç‡≤Ø‡≤Æ‡≤Ç‡≤§‡≥ç‡≤∞‡≤ø‡≤ó‡≤≥‡≤ø‡≤ó‡≥Ü ‡≤Æ‡≤Ç‡≤ó‡≤≥‡≤µ‡≤æ‡≤∞ ‡≤™‡≤§‡≥ç‡≤∞ ‡≤¨‡≤∞‡≥Ü‡≤¶‡≤ø‡≤∞‡≥Å‡≤µ ‡≤™‡≥ç‡≤∞‡≤µ‡≤ø‡≥ï‡≤£‡≥ç‚Äå ‡≤∂‡≥Ü‡≤ü‡≥ç‡≤ü‡≤ø, ‡≤Ø‡≥Å‡≤é‡≤á‡≤Ø‡≤ø‡≤Ç‡≤¶ ‡≤Ö‡≤®‡≤ø‡≤µ‡≤æ‡≤∏‡≤ø ‡≤≠‡≤æ‡≤∞‡≤§‡≥Ä‡≤Ø‡≤∞‡≤®‡≥ç‡≤®‡≥Å ‡≤ï‡≤∞‡≥Ü‡≤§‡≤∞‡≥Å‡≤µ ‡≤µ‡≥á‡≤≥‡≤æ‡≤™‡≤ü‡≥ç‡≤ü‡≤ø‡≤π‡≤æ‡≤ó‡≥Ç ‡≤™‡≥ç‡≤∞‡≤Ø‡≤æ‡≤£‡≤¶ ‡≤∏‡≥ç‡≤•‡≤≥‡≤ó‡≤≥‡≤®‡≥ç‡≤®‡≥Å ‡≤∏‡≤∞‡≥ç‡≤ï‡≤æ‡≤∞ ‡≤™‡≥ç‡≤∞‡≤ï‡≤ü‡≤ø‡≤∏‡≤ø‡≤¶‡≥Ü. ‡≤Ü‡≤¶‡≤∞‡≥Ü ‡≤™‡≤ü‡≥ç‡≤ü‡≤ø‡≤Ø‡≤≤‡≥ç‡≤≤‡≤ø ‡≤Ö‡≤®‡≤ø‡≤µ‡≤æ‡≤∏‡≤ø ‡≤≠‡≤æ‡≤∞‡≤§‡≥Ä‡≤Ø ‡≤ó‡≤∞‡≥ç‡≤≠‡≤ø‡≤£‡≤ø ‡≤Æ‡≤π‡≤ø‡≤≥‡≥Ü‡≤Ø‡≤∞ ‡≤π‡≥Ü‡≤∏‡≤∞‡≤ø‡≤≤‡≥ç‡≤≤. ‡≤®‡≤æ‡≤µ‡≥Å ‡≤Æ‡≤æ‡≤π‡≤ø‡≤§‡≤ø ‡≤ï‡≤≤‡≥Ü ‡≤π‡≤æ‡≤ï‡≤ø‡≤∞‡≥Å‡≤µ ‡≤™‡≥ç‡≤∞‡≤ï‡≤æ‡≤∞ ‡≤Ö‡≤®‡≤ø‡≤µ‡≤æ‡≤∏‡≤ø ‡≤≠‡≤æ‡≤∞‡≤§‡≥Ä‡≤Ø‡≤∞‡≤≤‡≥ç‡≤≤‡≤ø 100‡≤ï‡≥ç‡≤ï‡≥Ç ‡≤π‡≥Ü‡≤ö‡≥ç‡≤ö‡≥Å ‡≤ó‡≤∞‡≥ç‡≤≠‡≤ø‡≤£‡≤ø‡≤Ø‡≤∞‡≤ø‡≤¶‡≥ç‡≤¶‡≤æ‡≤∞‡≥Ü. ‡≤Ö‡≤µ‡≤∞‡≤®‡≥ç‡≤®‡≥Å ‡≤≠‡≤æ‡≤∞‡≤§‡≤ï‡≥ç‡≤ï‡≥Ü ‡≤§‡≥Å‡≤∞‡≥ç‡≤§‡≥Å ‡≤ï‡≤∞‡≥Ü‡≤§‡≤∞‡≥Å‡≤µ ‡≤Ö‡≤ó‡≤§‡≥ç‡≤Ø‡≤§‡≥Ü ‡≤á‡≤¶‡≥Ü. ‡≤π‡≤æ‡≤ó‡≤æ‡≤ó‡≤ø ‡≤é‡≤®‡≥ç‚Äå‡≤Ü‡≤∞‡≥ç‚Äå‡≤ê ‡≤ï‡≤∞‡≥Ü‡≤§‡≤∞‡≥Å‡≤µ ‡≤Æ‡≥ä‡≤¶‡≤≤ ‡≤™‡≤ü‡≥ç‡≤ü‡≤ø‡≤Ø‡≤≤‡≥ç‡≤≤‡≤ø ‡≤ó‡≤∞‡≥ç‡≤≠‡≤ø‡≤£‡≤ø‡≤Ø‡≤∞‡≤®‡≥ç‡≤®‡≥Å ‡≤∏‡≥á‡≤∞‡≤ø‡≤∏‡≤¨‡≥á‡≤ï‡≥Å. ‡≤à ‡≤ï‡≥Å‡≤∞‡≤ø‡≤§‡≥Å ‡≤ï‡≥á‡≤Ç‡≤¶‡≥ç‡≤∞ ‡≤∏‡≤∞‡≥ç‡≤ï‡≤æ‡≤∞ ‡≤Æ‡≤§‡≥ç‡≤§‡≥Å ‡≤µ‡≤ø‡≤¶‡≥á‡≤∂‡≤æ‡≤Ç‡≤ó ‡≤á‡≤≤‡≤æ‡≤ñ‡≥Ü‡≤Ø ‡≤ú‡≥ä‡≤§‡≥Ü ‡≤ï‡≥Ç‡≤°‡≤≤‡≥á ‡≤Æ‡≤æ‡≤§‡≤®‡≤æ‡≤°‡≤¨‡≥á‡≤ï‡≥Ü‡≤Ç‡≤¶‡≥Å ‡≤∏‡≤∞‡≥ç‡≤ï‡≤æ‡≤∞‡≤ï‡≥ç‡≤ï‡≥Ü ‡≤ï‡≥ã‡≤∞‡≤ø‡≤¶‡≥ç‡≤¶‡≤æ‡≤∞‡≥Ü. ‡≤Ö‡≤Æ‡≥Ü‡≤∞‡≤ø‡≤ï‡≤¶‡≤≤‡≥ç‡≤≤‡≤ø ‡≤™‡≥ç‡≤∞‡≤§‡≤ø‡≤¶‡≤ø‡≤® 3000 ‡≤∏‡≤æ‡≤µ‡≥Å, 2 ‡≤≤‡≤ï‡≥ç‡≤∑ ‡≤ï‡≥á‡≤∏‡≥Å?: ‡≤Ü‡≤Ç‡≤§‡≤∞‡≤ø‡≤ï ‡≤∞‡≤π‡≤∏‡≥ç‡≤Ø ‡≤¶‡≤æ‡≤ñ‡≤≤‡≥Ü ‡≤¨‡≤π‡≤ø‡≤∞‡≤Ç‡≤ó! ‡≤µ‡≤ø‡≤∂‡≥á‡≤∑ ‡≤µ‡≤ø‡≤Æ‡≤æ‡≤®‡≤ï‡≥ç‡≤ï‡≥Ü ‡≤ï‡≥á‡≤Ç‡≤¶‡≥ç‡≤∞ ‡≤í‡≤™‡≥ç‡≤™‡≤ø‡≤ó‡≥Ü: ‡≤™‡≥ç‡≤∞‡≤µ‡≤ø‡≥ï‡≤£‡≥ç‚Äå ‡≤∂‡≥Ü‡≤ü‡≥ç‡≤ü‡≤ø‡≤Ö‡≤µ‡≤∞‡≥Å ‡≤µ‡≤ø‡≤∂‡≥á‡≤∑ ‡≤µ‡≤ø‡≤Æ‡≤æ‡≤®‡≤¶ ‡≤Ö‡≤ó‡≤§‡≥ç‡≤Ø‡≤§‡≥Ü ‡≤¨‡≤ó‡≥ç‡≤ó‡≥Ü ‚Äò‡≤ï‡≤®‡≥ç‡≤®‡≤°‡≤™‡≥ç‡≤∞‡≤≠‚Äô‡≤¶ ‡≤∏‡≤π‡≥ã‡≤¶‡≤∞ ‡≤∏‡≤Ç‡≤∏‡≥ç‡≤•‡≥Ü ‡≤∏‡≥Å‡≤µ‡≤∞‡≥ç‡≤£ ‡≤®‡≥ç‡≤Ø‡≥Ç‡≤∏‡≥ç‚Äå‡≤ó‡≥Ü ‡≤ï‡≤∞‡≥Ü ‡≤Æ‡≤æ‡≤°‡≤ø ‡≤Æ‡≤®‡≤µ‡≤ø ‡≤Æ‡≤æ‡≤°‡≤ø‡≤¶‡≥ç‡≤¶‡≤∞‡≥Å. ‡≤®‡≤Ç‡≤§‡≤∞ ‡≤∏‡≥Å‡≤µ‡≤∞‡≥ç‡≤£ ‡≤®‡≥ç‡≤Ø‡≥Ç‡≤∏‡≥ç‚Äå ‡≤ï‡≥á‡≤Ç‡≤¶‡≥ç‡≤∞ ‡≤∏‡≤ö‡≤ø‡≤µ ‡≤°‡≤ø.‡≤µ‡≤ø.‡≤∏‡≤¶‡≤æ‡≤®‡≤Ç‡≤¶‡≤ó‡≥å‡≤°‡≤∞‡≤®‡≥ç‡≤®‡≥Å ‡≤∏‡≤Ç‡≤™‡≤∞‡≥ç‡≤ï‡≤ø‡≤∏‡≤ø ‡≤™‡≤∞‡≤ø‡≤∏‡≥ç‡≤•‡≤ø‡≤§‡≤ø‡≤Ø‡≤®‡≥ç‡≤®‡≥Å ‡≤µ‡≤ø‡≤µ‡≤∞‡≤ø‡≤∏‡≤ø‡≤§‡≥ç‡≤§‡≥Å. ‡≤á‡≤¶‡≤ï‡≥ç‡≤ï‡≥Ü ‡≤∏‡≥ç‡≤™‡≤Ç‡≤¶‡≤ø‡≤∏‡≤ø‡≤¶ ‡≤∏‡≤¶‡≤æ‡≤®‡≤Ç‡≤¶‡≤ó‡≥å‡≤°‡≤∞‡≥Å ‡≤ï‡≥á‡≤Ç‡≤¶‡≥ç‡≤∞ ‡≤µ‡≤ø‡≤¶‡≥á‡≤∂‡≤æ‡≤Ç‡≤ó ‡≤∏‡≤ö‡≤ø‡≤µ",2020-05-06 04:20:27.000+0000,By Kannadaprabha News,"""xa0‡≤Ø‡≥Å‡≤é‡≤á‡≤Ø‡≤ø‡≤Ç‡≤¶ ‡≤Ö‡≤®‡≤ø‡≤µ‡≤æ‡≤∏‡≤ø ‡≤≠‡≤æ‡≤∞‡≤§‡≥Ä‡≤Ø‡≤∞‡≤®‡≥ç‡≤®‡≥Å ‡≤ï‡≤∞‡≥Ü‡≤§‡≤∞‡≥Å‡≤µ ‡≤Æ‡≥ä‡≤¶‡≤≤ ‡≤™‡≤ü‡≥ç‡≤ü‡≤ø‡≤Ø‡≤≤‡≥ç‡≤≤‡≤ø ‡≤ó‡≤∞‡≥ç‡≤≠‡≤ø‡≤£‡≤ø‡≤Ø‡≤∞‡≤®‡≥ç‡≤®‡≥Å ‡≤∏‡≥á‡≤∞‡≤ø‡≤∏‡≥Å‡≤µ‡≤Ç‡≤§‡≥Ü ‡≤ï‡≤∞‡≥ç‡≤®‡≤æ‡≤ü‡≤ï ‡≤é‡≤®‡≥ç‚Äå‡≤Ü‡≤∞‡≥ç‚Äå‡≤ê ‡≤´‡≥ã‡≤∞‡≤Ç ‡≤Æ‡≤®‡≤µ‡≤ø ‡≤Æ‡≤æ‡≤°‡≤ø‡≤¶‡≥Ü.""",,2147483647,,,Kannada,,text,,,,https://static.asianetnews.com/images/01e5h3hyxp7qyrsx17cxnmv5vw/why-are-passenger-planes-white-in-c,,https://kannada.asianetnews.com/world-news/karnataka-nri-forum-urges-govt-to-give-special-privilege-to-pregnant-q9w6jc,,news,2147483647,TRUE,Asia Net News,d3c4612a-6881-439a-8e2f-89774d7ba2fe,,,,2020-05-06 04:20:27.324+0000,,,,"""‚Äò‡≤µ‡≤ø‡≤¶‡≥á‡≤∂‡≤¶‡≤ø‡≤Ç‡≤¶ ‡≤§‡≤µ‡≤∞‡≤ø‡≤ó‡≥Ü ‡≤Æ‡≤∞‡≤≥‡≤≤‡≥Å ‡≤ï‡≤®‡≥ç‡≤®‡≤°‡≤ø‡≤ó‡≤∞‡≥Å ‡≤∞‡≥Ü‡≤°‡≤ø"," ‡≤ó‡≤∞‡≥ç‡≤≠‡≤ø‡≤£‡≤ø‡≤Ø‡≤∞‡≤ø‡≤ó‡≥Ç ‡≤Ü‡≤¶‡≥ç‡≤Ø‡≤§‡≥Ü ‡≤®‡≥Ä‡≤°‡≤ø‚Äô""",,,0
b7db127b-948a-4f34-9490-91be935b070e,,,Political & General News,2147483647,0,,2020-11-28 15:17:09.000+0000,CNBC-TV18,The idea of self-reliance is steeped in India's history from the time that Mahatma Gandhi seeded the thought of economic model driven by community ...,0,2147483647,,,English,0,video,,,,https://i.ytimg.com/vi/mdvEa7ouA8Y/mqdefault.jpg,,https://www.youtube.com/watch?v=mdvEa7ouA8Y,,youtube,2147483647,FALSE,CNBC-TV18,38f9537a-cfd3-408d-93aa-a7e593aed0d3,0,0,,2020-11-28 15:39:49.923+0000,,,,"Curtain Raiser | Swabhiman Bharat - An Initiative By Network18, Presented by ITC",2020-11-28 15:17:09.000+0000,,,"0"
cd3b19d9-be79-4f38-b3ea-0f3155bfa1b1,,,,2147483647,0,,2020-09-28 09:42:34.000+0000,KapilMishra_IND,"""Wow @GemsOfBollywood 
Exposing Hindu Hater Bollywood 
Amazing""",0,2147483647,,,,0,,,,,,,https://twitter.com/KapilMishra_IND/status/1310515233027284993,New Delhi,Twitter,2147483647,TRUE,Kapil Mishra,b8915b55-633e-4036-ae58-60e23fb9f351,0,0,,2020-09-28 09:52:34.621+0000,,,,"""Wow @GemsOfBollywood 
Exposing Hindu Hater Bollywood 
Amazing""",2020-09-28 09:42:34.000+0000,,,"0"
fc045de5-54bc-4a75-b988-18e83ee264c5,,,Top Stories,2147483647,0,,2020-12-21 06:30:02.748+0000,,"In a regulatory filing, M&M's Farm Equipment Sector said, effective January 1, 2021, it will increase the price of its range of tractors, across models.",0,119,,,English,0,text,,,,"https://img.etimg.com/thumb/msid-79834804,width-300,imgsize-277812,,resizemode-4,quality-100/mahindr",,https://economictimes.indiatimes.com/industry/auto/auto-news/mm-to-hike-prices-of-its-tractors-from-january/articleshow/79834822.cms,,news,2147483647,TRUE,Economic Times,ba448fb2-f601-4a79-92e0-99074f06014e,0,0,,2020-12-21 06:19:27.557+0000,,,,M&M to hike prices of its tractors from January,2020-12-21 06:30:02.748+0000,,,"77"
f8ac0759-b820-4da4-b057-6c4e4feca510,,,Punjab,2147483647,,,2020-04-01 02:02:29.000+0000,Bhaskar News Network,"""‡§≠‡•Å‡§ö‡•ç‡§ö‡•ã ‡§Æ‡§Ç‡§°‡•Ä| ‡§™‡•ç‡§∞‡§¶‡•á‡§∂ ‡§≠‡§∞ ‡§Æ‡•á‡§Ç ‡§≤‡§ó‡•á ‡§ï‡§∞‡•ç‡§´‡•ç‡§Ø‡•Ç ‡§ï‡•á ‡§¶‡•å‡§∞‡§æ‡§® ‡§ú‡§∞‡•Ç‡§∞‡§§‡§Æ‡§Ç‡§¶ ‡§≤‡•ã‡§ó‡•ã‡§Ç ‡§§‡§ï ‡§ñ‡§æ‡§®‡§æ ‡§™‡§π‡•Å‡§Ç‡§ö‡§æ‡§®‡•á ‡§ï‡•á ‡§≤‡§ø‡§è ‡§∞‡§æ‡§ß‡§æ ‡§∏‡•ç‡§µ‡§æ‡§Æ‡•Ä ‡§∏‡§§‡•ç‡§∏‡§Ç‡§ó ‡§µ‡•ç‡§Ø‡§æ‡§∏ ‡§ï‡•á ‡§≠‡•Å‡§ö‡•ç‡§ö‡•ã ‡§Æ‡§Ç‡§°‡•Ä ‡§∏‡•á‡§Ç‡§ü‡§∞ ‡§ï‡•Ä ‡§ì‡§∞ ‡§∏‡•á ‡§∏‡•á‡§µ‡§æ ‡§∂‡•Å‡§∞‡•Ç ‡§ï‡•Ä ‡§ó‡§à‡•§ ‡§≠‡•Å‡§ö‡•ç‡§ö‡•ã ‡§ï‡•à‡§Ç‡§ö‡§ø‡§Ø‡§æ‡§Ç ‡§∏‡•ç‡§•‡§ø‡§§ ‡§∞‡§æ‡§ß‡§æ ‡§∏‡•ç‡§µ‡§æ‡§Æ‡•Ä ‡§∏‡§§‡•ç‡§∏‡§Ç‡§ó ‡§ò‡§∞ ‡§Æ‡•á‡§Ç ‡§∏‡•á‡§µ‡§æ‡§¶‡§æ‡§∞‡•ã‡§Ç ‡§®‡•á ‡§ï‡§∞‡•ç‡§´‡•ç‡§Ø‡•Ç ‡§ï‡•á ‡§®‡§ø‡§Ø‡§Æ‡•ã‡§Ç ‡§ï‡§æ ‡§™‡§æ‡§≤‡§® ‡§ï‡§∞‡§§‡•á ‡§π‡•Å‡§è ‡§≤‡§Ç‡§ó‡§∞ ‡§§‡•à‡§Ø‡§æ‡§∞ ‡§ï‡§ø‡§Ø‡§æ ‡§î‡§∞ ‡§ò‡§∞-‡§ò‡§∞ ‡§ñ‡§æ‡§®‡§æ ‡§™‡§π‡•Å‡§Ç‡§ö‡§æ‡§®‡•á ‡§Æ‡•á‡§Ç ‡§≤‡§ó‡•Ä ‡§∏‡§æ‡§Æ‡§æ‡§ú‡§ø‡§ï ‡§∏‡§Ç‡§∏‡•ç‡§•‡§æ‡§ì‡§Ç ‡§ï‡•ã ‡§∏‡•å‡§Ç‡§™ ‡§¶‡§ø‡§Ø‡§æ‡•§ ‡§â‡§®‡•ç‡§π‡•ã‡§Ç‡§®‡•á ‡§≤‡§ó‡§≠‡§ó 300 ‡§≤‡•ã‡§ó‡•ã‡§Ç ‡§ï‡§æ ‡§ñ‡§æ‡§®‡§æ ‡§§‡•à‡§Ø‡§æ‡§∞ ‡§ï‡§ø‡§Ø‡§æ‡•§ 
Download Dainik Bhaskar App to read Latest Hindi News Today




Bhucho Mandi News - radha swami sevadar is preparing food for the needy""",,2147483647,,,Hindi,,text,,,,https://i9.dainikbhaskar.com/thumbnails/680x588/web2images/www.bhaskar.com/2020/04/01/31bathinda_pul,,https://www.bhaskar.com/punjab/bathinda/news/radha-swami-sevadar-is-preparing-food-for-the-needy-073225-6951900.html,,news,2147483647,TRUE,DainikBhaskar,7dbb1b21-fc91-4af5-9761-ae71848fe854,,,,,,,,‡§∞‡§æ‡§ß‡§æ ‡§∏‡•ç‡§µ‡§æ‡§Æ‡•Ä ‡§∏‡•á‡§µ‡§æ‡§¶‡§æ‡§∞ ‡§ú‡§∞‡•Ç‡§∞‡§§‡§Æ‡§Ç‡§¶‡•ã‡§Ç ‡§ï‡•á ‡§≤‡§ø‡§è ‡§¨‡§®‡§æ ‡§∞‡§π‡•á ‡§ñ‡§æ‡§®‡§æ,,,,""
ecd8a41a-4d80-4254-8d2c-9db399a2333d,,,Sports,2147483647,0,,2020-08-08 02:36:27.000+0000,"‡§¶‡•à‡§®‡§ø‡§ï ‡§≠‡§æ‡§∏‡•ç‡§ï‡§∞,,1733","‡§ï‡•á‡§∞‡§≤ ‡§ï‡•á ‡§ï‡•ã‡§ù‡•Ä‡§ï‡•ã‡§° ‡§è‡§Ø‡§∞‡§™‡•ã‡§∞‡•ç‡§ü ‡§™‡§∞ ‡§∂‡•Å‡§ï‡•ç‡§∞‡§µ‡§æ‡§∞ ‡§∂‡§æ‡§Æ ‡§ï‡•ã ‡§¶‡•Å‡§¨‡§à ‡§∏‡•á ‡§Ü ‡§∞‡§π‡§æ ‡§µ‡§ø‡§Æ‡§æ‡§® ‡§≤‡•à‡§Ç‡§°‡§ø‡§Ç‡§ó ‡§ï‡•á ‡§¶‡•å‡§∞‡§æ‡§® ‡§π‡§æ‡§¶‡§∏‡•á ‡§ï‡§æ ‡§∂‡§ø‡§ï‡§æ‡§∞ ‡§π‡•ã ‡§ó‡§Ø‡§æ‡•§ ‡§á‡§∏‡§Æ‡•á‡§Ç ‡§Ö‡§¨ ‡§§‡§ï 17 ‡§≤‡•ã‡§ó‡•ã‡§Ç ‡§ï‡•Ä ‡§Æ‡•å‡§§ ‡§π‡•Å‡§à ‡§π‡•à‡•§ ‡§ü‡•Ä‡§Æ ‡§á‡§Ç‡§°‡§ø‡§Ø‡§æ ‡§ï‡•á ‡§ï‡§™‡•ç‡§§‡§æ‡§® ‡§µ‡§ø‡§∞‡§æ‡§ü ‡§ï‡•ã‡§π‡§≤‡•Ä, ‡§∞‡•ã‡§π‡§ø‡§§ ‡§∂‡§∞‡•ç‡§Æ‡§æ ‡§î‡§∞ ‡§™‡•Ç‡§∞‡•ç‡§µ ‡§¨‡§≤‡•ç‡§≤‡•á‡§¨‡§æ‡§ú ‡§∏‡§ö‡§ø‡§® ‡§§‡•á‡§Ç‡§¶‡•Å‡§≤‡§ï‡§∞ ‡§∏‡§Æ‡•á‡§§ ‡§ï‡§à ‡§ï‡•ç‡§∞‡§ø‡§ï‡•á‡§ü‡§∞‡•ç‡§∏ ‡§®‡•á ‡§á‡§∏ ‡§π‡§æ‡§¶‡§∏‡•á ‡§™‡§∞ ‡§¶‡•Å‡§ñ ‡§ú‡§§‡§æ‡§Ø‡§æ ‡§π‡•à‡•§ ‡§µ‡§ø‡§∞‡§æ‡§ü ‡§®‡•á ‡§á‡§∏ ‡§™‡§∞ ‡§ü‡•ç‡§µ‡•Ä‡§ü ‡§ï‡§ø‡§Ø‡§æ ‡§ï‡§ø ‡§Æ‡•á‡§∞‡•Ä ‡§¶‡•Å‡§Ü‡§è‡§Ç ‡§â‡§® ‡§≤‡•ã‡§ó‡•ã‡§Ç ‡§ï‡•á ‡§∏‡§æ‡§• ‡§π‡•à‡§Ç, ‡§ú‡•ã ‡§ï‡•ã‡§ù‡•Ä‡§ï‡•ã‡§° ‡§µ‡§ø‡§Æ‡§æ‡§® ‡§π‡§æ‡§¶‡§∏‡•á ‡§Æ‡•á‡§Ç ‡§™‡•ç‡§∞‡§≠‡§æ‡§µ‡§ø‡§§ ‡§π‡•Å‡§è ‡§π‡•à‡§Ç‡•§ ‡§∏‡§æ‡§• ‡§π‡•Ä, ‡§â‡§® ‡§≤‡•ã‡§ó‡•ã‡§Ç ‡§ï‡•á ‡§™‡§∞‡§ø‡§µ‡§æ‡§∞ ‡§ï‡•á ‡§∏‡§æ‡§• ‡§Æ‡•á‡§∞‡•Ä ‡§∏‡§Ç‡§µ‡•á‡§¶‡§®‡§æ‡§è‡§Ç ‡§π‡•à‡§Ç, ‡§ú‡§ø‡§® ‡§≤‡•ã‡§ó‡•ã‡§Ç ‡§®‡•á ‡§π‡§æ‡§¶‡§∏‡•á ‡§Æ‡•á‡§Ç ‡§ú‡§æ‡§® ‡§ó‡§Ç‡§µ‡§æ‡§à‡•§ ‡§™‡•Ç‡§∞‡•ç‡§µ ‡§ï‡•ç‡§∞‡§ø‡§ï‡•á‡§ü‡§∞ ‡§§‡•á‡§Ç‡§¶‡•Å‡§≤‡§ï‡§∞ ‡§®‡•á ‡§≠‡•Ä ‡§≤‡§ø‡§ñ‡§æ ‡§ï‡§ø ‡§π‡§æ‡§¶‡§∏‡•á ‡§ï‡§æ ‡§∂‡§ø‡§ï‡§æ‡§∞ ‡§π‡•Å‡§à ‡§è‡§Ø‡§∞ ‡§á‡§Ç‡§°‡§ø‡§Ø‡§æ ‡§ï‡•Ä ‡§´‡•ç‡§≤‡§æ‡§á‡§ü ‡§Æ‡•á‡§Ç ‡§¨‡•à‡§†‡•á ‡§≤‡•ã‡§ó‡•ã‡§Ç ‡§ï‡•Ä ‡§∏‡§≤‡§æ‡§Æ‡§§‡•Ä ‡§ï‡•á ‡§≤‡§ø‡§è ‡§™‡•ç‡§∞‡§æ‡§∞‡•ç‡§•‡§®‡§æ ‡§ï‡§∞ ‡§∞‡§π‡§æ ‡§π‡•Ç‡§Ç‡•§ ‡§á‡§∏ ‡§π‡§æ‡§¶‡§∏‡•á ‡§Æ‡•á‡§Ç ‡§Ö‡§™‡§®‡•á ‡§ï‡§∞‡•Ä‡§¨‡§ø‡§Ø‡•ã‡§Ç ‡§ï‡•ã ‡§ñ‡•ã‡§®‡•á ‡§µ‡§æ‡§≤‡•ã‡§Ç ‡§ï‡•á ‡§∏‡§æ‡§• ‡§Æ‡•á‡§∞‡•Ä ‡§∏‡§Ç‡§µ‡•á‡§¶‡§®‡§æ‡§è‡§Ç‡•§ ## ## ‡§π‡§æ‡§¶‡§∏‡•á ‡§Æ‡•á‡§Ç ‡§™‡§æ‡§Ø‡§≤‡§ü ‡§î‡§∞ ‡§ï‡•ã-‡§™‡§æ‡§Ø‡§≤‡§ü ‡§ï‡•Ä ‡§Æ‡•å‡§§ ‡§ï‡•ã‡§ù‡•Ä‡§ï‡•ã‡§° ‡§è‡§Ø‡§∞‡§™‡•ã‡§∞‡•ç‡§ü ‡§™‡§∞ ‡§π‡•Å‡§è ‡§µ‡§ø‡§Æ‡§æ‡§® ‡§π‡§æ‡§¶‡§∏‡•á ‡§Æ‡•á‡§Ç ‡§™‡§æ‡§Ø‡§≤‡§ü ‡§∞‡§ø‡§ü‡§æ‡§Ø‡§∞‡•ç‡§° ‡§µ‡§ø‡§Ç‡§ó ‡§ï‡§Æ‡§æ‡§Ç‡§°‡§∞ ‡§¶‡•Ä‡§™‡§ï ‡§µ‡§∏‡§Ç‡§§ ‡§∏‡§æ‡§†‡•á ‡§î‡§∞ ‡§ï‡•ã-‡§™‡§æ‡§Ø‡§≤‡§ü ‡§Ö‡§ñ‡§ø‡§≤‡•á‡§∂ ‡§ï‡•Å‡§Æ‡§æ‡§∞ ‡§ï‡•Ä ‡§≠‡•Ä ‡§Æ‡•å‡§§ ‡§π‡•Å‡§à ‡§π‡•à‡•§ 123 ‡§Ø‡§æ‡§§‡•ç‡§∞‡•Ä ‡§ò‡§æ‡§Ø‡§≤ ‡§π‡•à‡§Ç‡•§ ‡§á‡§≤‡§æ‡§ú ‡§ï‡§∞‡§®‡•á ‡§µ‡§æ‡§≤‡•á ‡§°‡•â‡§ï‡•ç‡§ü‡§∞‡•ã‡§Ç ‡§ï‡§æ ‡§ï‡§π‡§®‡§æ ‡§π‡•à ‡§ï‡§ø ‡§ï‡§à ‡§ï‡•Ä ‡§π‡§æ‡§≤‡§§ ‡§ó‡§Ç‡§≠‡•Ä‡§∞ ‡§π‡•à‡•§ ‡§µ‡§Ç‡§¶‡•á ‡§≠‡§æ‡§∞‡§§ ‡§Æ‡§ø‡§∂‡§® ‡§ï‡•á ‡§§‡§π‡§§ ‡§´‡•ç‡§≤‡§æ‡§á‡§ü ‡§¶‡•Å‡§¨‡§à ‡§∏‡•á ‡§≤‡•å‡§ü ‡§∞‡§π‡•Ä ‡§•‡•Ä ‡§µ‡§Ç‡§¶‡•á ‡§≠‡§æ‡§∞‡§§ ‡§Æ‡§ø‡§∂‡§® ‡§ï‡•á ‡§§‡§π‡§§ ‡§è‡§Ø‡§∞ ‡§á‡§Ç‡§°‡§ø‡§Ø‡§æ ‡§ï‡•Ä ‡§Ø‡§π ‡§´‡•ç‡§≤‡§æ‡§á‡§ü AXB-",0,2147483647,,,Hindi,0,text,,,,https://i9.dainikbhaskar.com/thumbnails/680x588/web2images/www.bhaskar.com/2020/08/08/kr-flight-730-,,https://www.bhaskar.com/sports/cricket/news/from-virat-kohli-to-sachin-tendulkar-cricket-fratnernity-showed-empathy-with-the-family-of-kozhikode-plane-crash-deceased-127597266.html,,news,2147483647,FALSE,DainikBhaskar,7dbb1b21-fc91-4af5-9761-ae71848fe854,0,0,,2020-08-08 02:40:10.055+0000,,,,"‡§µ‡§ø‡§∞‡§æ‡§ü-‡§∏‡§ö‡§ø‡§® ‡§∏‡§Æ‡•á‡§§ ‡§ï‡§à ‡§ï‡•ç‡§∞‡§ø‡§ï‡•á‡§ü‡§∞‡•ç‡§∏ ‡§®‡•á ‡§ò‡§ü‡§®‡§æ ‡§™‡§∞ ‡§¶‡•Å‡§ñ ‡§ú‡§§‡§æ‡§Ø‡§æ, ‡§ï‡•ã‡§π‡§≤‡•Ä ‡§®‡•á ‡§ï‡§π‡§æ- ‡§π‡§æ‡§¶‡§∏‡•á ‡§Æ‡•á‡§Ç ‡§™‡•ç‡§∞‡§≠‡§æ‡§µ‡§ø‡§§ ‡§π‡•ã‡§®‡•á ‡§µ‡§æ‡§≤‡•á ‡§≤‡•ã‡§ó‡•ã‡§Ç ‡§ï‡•á ‡§∏‡§æ‡§• ‡§Æ‡•á‡§∞‡•Ä ‡§¶‡•Å‡§Ü‡§è‡§Ç",,,,"0"
5d8632f4-06da-4a09-a4b4-09abea058f2b,Shyam,,Politics,2147483647,,,2019-11-27 08:33:43.000+0000,Shyam,‡¥§‡¥ø‡¥∞‡µÅ‡¥µ‡¥®‡¥®‡µç‡¥§‡¥™‡µÅ‡¥∞‡¥Ç: ‡¥µ‡¥ø‡¥¶‡µá‡¥∂‡¥∞‡¥æ‡¥ú‡µç‡¥Ø‡¥ô‡µç‡¥ô‡¥≥‡¥ø‡¥≤‡µç‚Äç ‡¥Æ‡¥∞‡¥£‡¥™‡µç‡¥™‡µÜ‡¥ü‡µÅ‡¥®‡µç‡¥® ‡¥™‡µç‡¥∞‡¥µ‡¥æ‡¥∏‡¥ø ‡¥Æ‡¥≤‡¥Ø‡¥æ‡¥≥‡¥ø‡¥ï‡¥≥‡µÅ‡¥ü‡µÜ ‡¥Æ‡µÉ‡¥§‡¥¶‡µá‡¥π‡¥Ç ‡¥∏‡µó‡¥ú‡¥®‡µç‡¥Ø‡¥Æ‡¥æ‡¥Ø‡¥ø ‡¥®‡¥æ‡¥ü‡µç‡¥ü‡¥ø‡¥≤‡µÜ‡¥§‡µç‡¥§‡¥ø‡¥ï‡µç‡¥ï‡µÅ‡¥®‡µç‡¥®‡¥§‡¥ø‡¥®‡µÅ‡¥≥‡µç‡¥≥ ‡¥ï‡¥∞‡¥æ‡¥±‡¥ø‡¥≤‡µç‚Äç ‡¥í‡¥™‡µç‡¥™‡µÅ‡¥µ‡µÜ‡¥ö‡µç‡¥ö‡µç ‡¥é‡¥Ø‡¥∞‡µç‚Äç ‡¥á‡¥®‡µç‡¥§‡µç‡¥Ø. ‡¥®‡µã‡¥∞‡µç‚Äç‡¥ï‡µç‡¥ï ‡¥±‡µÇ‡¥ü‡µç‡¥ü‡µç‡¥∏‡¥ø‡¥®‡µç‡¥±‡µÜ ‡¥é‡¥ï‡µç‡¥∏‡¥ø‡¥ï‡µç‡¥Ø‡µÇ‡¥ü‡µç‡¥ü‡µÄ‡¥µ‡µç ‡¥ì‡¥´‡µÄ‡¥∏‡¥±‡µÅ‡¥Ç ‡¥é‡¥Ø‡¥∞‡µç‚Äç ‡¥á‡¥®‡µç‡¥§‡µç‡¥Ø ‡¥ï‡¥æ‡¥∞‡µç‚Äç‡¥ó‡µã‡¥µ‡¥ø‡¥≠‡¥æ‡¥ó‡¥Ç ‡¥é‡¥ï‡µç‡¥∏‡¥ø‡¥ï‡µç‡¥Ø‡µÇ‡¥ü‡µç‡¥ü‡µÄ‡¥µ‡µç ‡¥°‡¥Ø‡¥±‡¥ï‡µç‡¥ü‡¥±‡µÅ‡¥Æ‡¥æ‡¥£‡µç ‡¥ï‡¥∞‡¥æ‡¥±‡¥ø‡¥≤‡µç‚Äç ‡¥í‡¥™‡µç‡¥™‡µÅ‡¥µ‡¥ö‡µç‡¥ö‡¥§‡µç.,,2147483647,,,Malayalam,,Text,,,,https://m.ritam.app/Encyc/2019/11/27/2_08_33_42_air-india-1-750x418._1.jpg,,https://m.ritam.app//Encyc/2019/11/27/252415-php.html,,News,2147483647,TRUE,Brave India News,,,,,,,,,‚Äò‡¥µ‡¥ø‡¥¶‡µá‡¥∂‡¥∞‡¥æ‡¥ú‡µç‡¥Ø‡¥ô‡µç‡¥ô‡¥≥‡¥ø‡¥≤‡µç‚Äç ‡¥Æ‡¥∞‡¥£‡¥™‡µç‡¥™‡µÜ‡¥ü‡µÅ‡¥®‡µç‡¥® ‡¥Æ‡¥≤‡¥Ø‡¥æ‡¥≥‡¥ø‡¥ï‡¥≥‡µÅ‡¥ü‡µÜ ‡¥Æ‡µÉ‡¥§‡¥¶‡µá‡¥π‡¥Ç ‡¥á‡¥®‡¥ø ‡¥∏‡µó‡¥ú‡¥®‡µç‡¥Ø‡¥Æ‡¥æ‡¥Ø‡¥ø ‡¥®‡¥æ‡¥ü‡µç‡¥ü‡¥ø‡¥≤‡µÜ‡¥§‡µç‡¥§‡¥ø‡¥ï‡µç‡¥ï‡µÅ‡¥Ç‚Äô ‡¥ï‡¥∞‡¥æ‡¥±‡¥ø‡¥≤‡µç‚Äç ‡¥í‡¥™‡µç‡¥™‡µÅ‡¥µ‡µÜ‡¥ö‡µç‡¥ö‡µç ‡¥é‡¥Ø‡¥∞‡µç‚Äç ‡¥á‡¥®‡µç‡¥§‡µç‡¥Ø,,,,""
6a2d001a-35c0-45d9-91bd-f5b6e5ffe149,,,Politics,2147483647,,,2020-03-07 20:53:39.238+0000,,"‡∞∏‡±ç‡∞•‡∞æ‡∞®‡∞ø‡∞ï ‡∞∏‡∞Ç‡∞∏‡±ç‡∞•‡∞≤ ‡∞é‡∞®‡±ç‡∞®‡∞ø‡∞ï‡∞≤‡±Å ‡∞ö‡∞æ‡∞≤‡∞æ‡∞Æ‡∞Ç‡∞¶‡∞ø ‡∞ï‡∞†‡∞ø‡∞® ‡∞™‡∞∞‡±Ä‡∞ï‡±ç‡∞∑‡∞ó‡∞æ ‡∞Æ‡∞æ‡∞∞‡∞ø‡∞™‡±ã‡∞Ø‡∞æ‡∞Ø‡∞ø. ‡∞Ö‡∞ü‡±Å ‡∞Ö‡∞ß‡∞ø‡∞ï‡∞æ‡∞∞ ‡∞µ‡±à‡∞∏‡±Ä‡∞™‡±Ä‡∞ï‡∞ø ‡∞™‡∞∞‡±Å‡∞µ‡±Å ‡∞∏‡∞Æ‡∞∏‡±ç‡∞Ø‡∞ó‡∞æ ‡∞Æ‡∞æ‡∞∞‡∞ó‡∞æ, ‡∞á‡∞ü‡±Å ‡∞™‡±ç‡∞∞‡∞§‡∞ø‡∞™‡∞ï‡±ç‡∞∑ ‡∞ü‡±Ä‡∞°‡±Ä‡∞™‡±Ä‡∞ï‡±Å ‡∞ö‡∞æ‡∞µ‡±Å‡∞¨‡±ç‡∞∞‡∞§‡±Å‡∞ï‡±Å ‡∞∏‡∞Æ‡∞∏‡±ç‡∞Ø ‡∞Ö‡∞Ø‡∞ø‡∞™‡±ã‡∞Ø‡∞ø‡∞Ç‡∞¶‡∞ø. ‡∞á‡∞ï ‡∞™‡∞æ‡∞∞‡±ç‡∞ü‡±Ä‡∞≤ ‡∞™‡∞∞‡∞ø‡∞∏‡±ç‡∞•‡∞ø‡∞§‡∞ø ‡∞Ö‡∞≤‡∞æ ‡∞â‡∞Ç‡∞ö‡∞ø‡∞§‡±á, ‡∞ü‡±Ä‡∞°‡±Ä‡∞™‡±Ä ‡∞∞‡±Ü‡∞¨‡∞≤‡±ç ‡∞é‡∞Æ‡±ç‡∞Æ‡±Ü‡∞≤‡±ç‡∞Ø‡±á‡∞≤‡±Å‡∞ó‡∞æ ‡∞â‡∞®‡±ç‡∞® ‡∞µ‡∞≤‡±ç‡∞≤‡∞≠‡∞®‡±á‡∞®‡∞ø ‡∞µ‡∞Ç‡∞∂‡±Ä, ‡∞Æ‡∞¶‡±ç‡∞¶‡∞æ‡∞≤‡∞ø ‡∞ó‡∞ø‡∞∞‡∞ø‡∞≤‡±Å ‡∞∏‡±ç‡∞•‡∞æ‡∞®‡∞ø‡∞ï ‡∞é‡∞®‡±ç‡∞®‡∞ø‡∞ï‡∞≤ ‡∞¶‡±ç‡∞µ‡∞æ‡∞∞‡∞æ ‡∞™‡±Ü‡∞¶‡±ç‡∞¶ ‡∞™‡∞∞‡∞ø‡∞ï‡±ç‡∞∑‡±á ‡∞é‡∞¶‡±Å‡∞∞‡±ç‡∞ï‡±ä‡∞®‡±Å‡∞®‡±ç‡∞®‡∞æ‡∞∞‡±Å. ‡∞à ‡∞á‡∞¶‡±ç‡∞¶‡∞∞‡±Å ‡∞â‡∞®‡±ç‡∞®‡∞¶‡∞ø ‡∞ü‡±Ä‡∞°‡±Ä‡∞™‡±Ä ‡∞ï‡∞Ç‡∞ö‡±Å‡∞ï‡±ã‡∞ü‡∞≤‡±ç‡∞≤‡±ã ‡∞ï‡∞æ‡∞¨‡∞ü‡±ç‡∞ü‡∞ø ‡∞µ‡±Ä‡∞∞‡±Å ‡∞é‡∞ï‡±ç‡∞ï‡±Å‡∞µ ‡∞ï‡∞∑‡±ç‡∞ü‡∞™‡∞°‡∞æ‡∞≤‡±ç‡∞∏‡∞ø‡∞® ‡∞Ö‡∞µ‡∞∏‡∞Æ‡±Å‡∞Ç‡∞¶‡∞ø. ‡∞Æ‡±Å‡∞ñ‡±ç‡∞Ø‡∞Ç‡∞ó‡∞æ ‡∞ó‡∞®‡±ç‡∞®‡∞µ‡∞∞‡∞Ç ‡∞Æ‡±Å‡∞Ç‡∞¶‡±Å ‡∞®‡±Å‡∞Ç‡∞ö‡∞ø ‡∞ü‡±Ä‡∞°‡±Ä‡∞™‡±Ä‡∞ï‡∞ø ‡∞Ö‡∞®‡±Å‡∞ï‡±Ç‡∞≤‡∞Ç‡∞ó‡∞æ ‡∞â‡∞Ç‡∞¶‡∞ø.]]>",,2147483647,,,Telugu,,text,,,,https://apherald-nkywabj.stackpathdns.com/ImageStore/images/politics/politics_latestnews/two-tdp-mla,,https://www.apherald.com/Politics/Read/469280/vallabhaneni-vamsi-and-maddali-giri-faces-tough-fight-in-local-body-elections-,,news,2147483647,FALSE,AP Herald,,,,,,,,,"‡∞ü‡±Ä‡∞°‡±Ä‡∞™‡±Ä ‡∞ï‡∞Ç‡∞ö‡±Å‡∞ï‡±ã‡∞ü‡∞≤‡±ç‡∞≤‡±ã ‡∞µ‡∞Ç‡∞∂‡±Ä, ‡∞ó‡∞ø‡∞∞‡∞ø‡∞≤‡∞ï‡±Å ‡∞ï‡∞†‡∞ø‡∞® ‡∞™‡∞∞‡±Ä‡∞ï‡±ç‡∞∑... ‡∞®‡±Ü‡∞ó‡±ç‡∞ó‡±á‡∞¶‡±Ü‡∞µ‡∞∞‡±ã?",,,,""
f6757105-86c2-4847-bf10-7bbeb24add60,,,,2147483647,0,,2020-12-25 11:42:09.000+0000,CMMadhyaPradesh,"""‡§Æ‡•Å‡§ñ‡•ç‡§Ø‡§Æ‡§Ç‡§§‡•ç‡§∞‡•Ä ‡§∂‡•ç‡§∞‡•Ä ‡§ö‡•å‡§π‡§æ‡§® ‡§®‡•á ‡§∏‡•ç‡§µ. ‡§∂‡•ç‡§∞‡•Ä ‡§µ‡§æ‡§ú‡§™‡•á‡§Ø‡•Ä ‡§ï‡§æ ‡§∏‡•ç‡§Æ‡§∞‡§£ ‡§ï‡§∞‡§§‡•á ‡§π‡•Å‡§è ‡§ï‡§π‡§æ ‡§â‡§®‡§ï‡§æ ‡§ú‡•Ä‡§µ‡§® ‡§¶‡§∞‡•ç‡§∂‡§® ‡§¶‡•á‡§∂‡§µ‡§æ‡§∏‡§ø‡§Ø‡•ã‡§Ç ‡§ï‡•ã ‡§π‡§Æ‡•á‡§∂‡§æ ‡§™‡•ç‡§∞‡•á‡§∞‡§£‡§æ ‡§¶‡•á‡§§‡§æ ‡§π‡•à‡•§ ‡§â‡§®‡§ï‡§æ ‡§ì‡§ú‡§∏‡•ç‡§µ‡•Ä, ‡§§‡•á‡§ú‡§∏‡•ç‡§µ‡•Ä ‡§î‡§∞ ‡§Ø‡§∂‡§∏‡•ç‡§µ‡•Ä ‡§µ‡•ç‡§Ø‡§ï‡•ç‡§§‡§ø‡§§‡•ç‡§µ ‡§∏‡§¶‡§æ ‡§≠‡§æ‡§∞‡§§ ‡§ï‡•á ‡§®‡§æ‡§ó‡§∞‡§ø‡§ï‡•ã‡§Ç ‡§ï‡§æ ‡§Æ‡§æ‡§∞‡•ç‡§ó‡§¶‡§∞‡•ç‡§∂‡§® ‡§ï‡§∞‡§§‡§æ ‡§π‡•à‡•§ 2/2

RM: https://t.co/0YV49YoXqO
#CMMadhyaPradesh""",0,2147483647,,,Hindi,0,,,,,,,https://twitter.com/CMMadhyaPradesh/status/1342435460887416833,Bhopal,Twitter,2147483647,TRUE,CMO Madhya Pradesh,cfe3fe0d-2fbf-41d7-a3ab-b82b4948126f,0,0,,2020-12-25 12:34:24.359+0000,,,{'CMMadhyaPradesh'},"""‡§Æ‡•Å‡§ñ‡•ç‡§Ø‡§Æ‡§Ç‡§§‡•ç‡§∞‡•Ä ‡§∂‡•ç‡§∞‡•Ä ‡§ö‡•å‡§π‡§æ‡§® ‡§®‡•á ‡§∏‡•ç‡§µ. ‡§∂‡•ç‡§∞‡•Ä ‡§µ‡§æ‡§ú‡§™‡•á‡§Ø‡•Ä ‡§ï‡§æ ‡§∏‡•ç‡§Æ‡§∞‡§£ ‡§ï‡§∞‡§§‡•á ‡§π‡•Å‡§è ‡§ï‡§π‡§æ ‡§â‡§®‡§ï‡§æ ‡§ú‡•Ä‡§µ‡§® ‡§¶‡§∞‡•ç‡§∂‡§® ‡§¶‡•á‡§∂‡§µ‡§æ‡§∏‡§ø‡§Ø‡•ã‡§Ç ‡§ï‡•ã ‡§π‡§Æ‡•á‡§∂‡§æ ‡§™‡•ç‡§∞‡•á‡§∞‡§£‡§æ ‡§¶‡•á‡§§‡§æ ‡§π‡•à‡•§ ‡§â‡§®‡§ï‡§æ ‡§ì‡§ú‡§∏‡•ç‡§µ‡•Ä, ‡§§‡•á‡§ú‡§∏‡•ç‡§µ‡•Ä ‡§î‡§∞ ‡§Ø‡§∂‡§∏‡•ç‡§µ‡•Ä ‡§µ‡•ç‡§Ø‡§ï‡•ç‡§§‡§ø‡§§‡•ç‡§µ ‡§∏‡§¶‡§æ ‡§≠‡§æ‡§∞‡§§ ‡§ï‡•á ‡§®‡§æ‡§ó‡§∞‡§ø‡§ï‡•ã‡§Ç ‡§ï‡§æ ‡§Æ‡§æ‡§∞‡•ç‡§ó‡§¶‡§∞‡•ç‡§∂‡§® ‡§ï‡§∞‡§§‡§æ ‡§π‡•à‡•§ 2/2

RM: https://t.co/0YV49YoXqO
#CMMadhyaPradesh""",2020-12-25 11:42:09.000+0000,,,"0"
8d24d18d-db0b-405e-be7e-98c76bb2a63e,,,,2147483647,0,"""‡§Æ‡•Å‡§Ç‡§¨‡§à : xa0‡§™‡•ç‡§∞‡§§‡•ç‡§Ø‡•á‡§ï ‡§¶‡§ø‡§µ‡§∏ ‡§µ‡§ø‡§∂‡•á‡§∑ ‡§Ö‡§∏‡§§‡•ã. ‡§Ü‡§ú‡§ö‡§æ ‡§¶‡§ø‡§µ‡§∏ ‡§ñ‡•Ç‡§™ ‡§Æ‡§π‡§§‡•ç‡§µ‡§æ‡§ö‡§æ ‡§Ü‡§π‡•á. ‡§ï‡§æ‡§∞‡§£ ‡§®‡§µ‡•Ä ‡§Æ‡•á‡§ü‡•ç‡§∞‡•ã‡§Æ‡•Å‡§Ç‡§¨‡§à‡§§ ‡§¶‡§æ‡§ñ‡§≤ ‡§ù‡§æ‡§≤‡•Ä ‡§Ü‡§π‡•á. ‡§Æ‡•á‡§ü‡•ç‡§∞‡•ã ‡§π‡•Ä ‡§Æ‡•Å‡§Ç‡§¨‡§à‡§ö‡•á ‡§Ü‡§ï‡§∞‡•ç‡§∑‡§£ ‡§Ü‡§π‡•á. ‡§Æ‡•Å‡§Ç‡§¨‡§à ‡§µ‡§æ‡§¢‡§§‡•á ‡§Ü‡§π‡•á. ‡§™‡§∏‡§∞‡§§‡•á ‡§Ü‡§π‡•á. ‡§µ‡§æ‡§¢‡§§‡•ç‡§Ø‡§æ ‡§Æ‡•Å‡§Ç‡§¨‡§à‡§≤‡§æ ‡§∏‡§æ‡§Æ‡§æ‡§µ‡•Ç‡§® ‡§ò‡•á‡§£‡•ç‡§Ø‡§æ‡§∏‡§æ‡§†‡•Ä ‡§Ü‡§Æ‡•ç‡§π‡•Ä ‡§ï‡§æ‡§Æ ‡§ï‡§∞‡§§ ‡§Ö‡§∏‡•Ç‡§® ‡§Ø‡•á‡§§‡•ç‡§Ø‡§æ ‡§¶‡•ã‡§® ‡§ö‡§æ‡§∞ ‡§µ‡§∞‡•ç‡§∑‡§æ‡§Ç‡§§ ‡§Æ‡•Å‡§Ç‡§¨‡§à ‡§¨‡§¶‡§≤‡§£‡§æ‡§∞ ‡§Ü‡§π‡•á. ‡§Æ‡•Å‡§Ç‡§¨‡§à ‡§Ü‡§ñ‡•Ä‡§µ ‡§∞‡•á‡§ñ‡•Ä‡§µ ‡§π‡•ã‡§à‡§≤. ‡§Æ‡•Å‡§Ç‡§¨‡§à‡§ö‡•á ‡§∞‡•Å‡§™‡§°‡•á ‡§™‡§æ‡§≤‡§ü‡§£‡§æ‡§∞ ‡§Ü‡§π‡•á. ‡§ï‡§æ‡§∞‡§£ ‡§¨‡•á‡§∏‡•ç‡§ü ‡§¨‡§∏‡§ö‡•Ä ‡§∏‡§Ç‡§ñ‡•ç‡§Ø‡§æ ‡§¶‡§π‡§æ ‡§π‡§ú‡§æ‡§∞ ‡§π‡•ã‡§à‡§≤. ‡§Æ‡•á ‡§Æ‡§π‡§ø‡§®‡•ç‡§Ø‡§æ‡§§ ‡§Æ‡•á‡§ü‡•ç‡§∞‡•ã ‡§∏‡•Å‡§∞‡•Ç ‡§π‡•ã‡§à‡§≤. ‡§ï‡•ã‡§∏‡•ç‡§ü‡§≤ ‡§∞‡•ã‡§°‡§ö‡•á ‡§ï‡§æ‡§Æ ‡§∏‡•Å‡§∞‡•Ç ‡§Ü‡§π‡•á. ‡§π‡•Ä ‡§ï‡§æ‡§Æ‡•á ‡§™‡•Ç‡§∞‡•ç‡§£ ‡§ï‡§∞‡§§‡§æ‡§®‡§æ‡§ö ‡§Æ‡§æ‡§ó‡§ö‡•ç‡§Ø‡§æ ‡§∏‡§∞‡§ï‡§æ‡§∞‡§®‡•á ‡§ú‡•ç‡§Ø‡§æ ‡§µ‡•á‡§ó‡§æ‡§®‡•á ‡§ï‡§æ‡§Æ ‡§ï‡•á‡§≤‡•á ‡§§‡•ç‡§Ø‡§æ ‡§™‡•á‡§ï‡•ç‡§∑‡§æ ‡§Ö‡§ß‡§ø‡§ï ‡§µ‡•á‡§ó‡§æ‡§®‡•á ‡§ï‡§æ‡§Æ ‡§ï‡§∞‡§§ ‡§®‡§æ‡§ó‡§∞‡§ø‡§ï‡§æ‡§Ç‡§ö‡•ç‡§Ø‡§æ ‡§∏‡•á‡§µ‡•á‡§∏ ‡§â‡§§‡§∞‡•Ç, ‡§Ö‡§∏‡§æ ‡§µ‡§ø‡§∂‡•ç‡§µ‡§æ‡§∏ ‡§Æ‡•Å‡§ñ‡•ç‡§Ø‡§Æ‡§Ç‡§§‡•ç‡§∞‡•Ä ‡§â‡§¶‡•ç‡§ß‡§µ ‡§†‡§æ‡§ï‡§∞‡•á ‡§Ø‡§æ‡§Ç‡§®‡•Ä ‡§µ‡•ç‡§Ø‡§ï‡•ç‡§§ ‡§ï‡•á‡§≤‡§æ.‡§¨‡§Ç‡§ó‡§≥‡•Å‡§∞‡•Ç ‡§Ø‡•á‡§•‡•Ç‡§® ‡§Æ‡•Å‡§Ç‡§¨‡§à‡§§ ‡•®‡•≠ ‡§ú‡§æ‡§®‡•á‡§µ‡§æ‡§∞‡•Ä ‡§∞‡•ã‡§ú‡•Ä ‡§∞‡§æ‡§§‡•ç‡§∞‡•Ä ‡§¶‡§æ‡§ñ‡§≤ ‡§ù‡§æ‡§≤‡•á‡§≤‡•ç‡§Ø‡§æ ‡§Æ‡•á‡§ü‡•ç‡§∞‡•ã ‡§ü‡•ç‡§∞‡•á‡§®‡§ö‡§æ ‡§Ö‡§®‡§æ‡§µ‡§∞‡§£ ‡§∏‡§Æ‡§æ‡§∞‡§Ç‡§≠ ‡§Æ‡•Å‡§ñ‡•ç‡§Ø‡§Æ‡§Ç‡§§‡•ç‡§∞‡•Ä ‡§â‡§¶‡•ç‡§ß‡§µ ‡§†‡§æ‡§ï‡§∞‡•á ‡§Ø‡§æ‡§Ç‡§ö‡•ç‡§Ø‡§æ ‡§π‡§∏‡•ç‡§§‡•á ‡•®‡•Ø ‡§ú‡§æ‡§®‡•á‡§µ‡§æ‡§∞‡•Ä ‡§∞‡•ã‡§ú‡•Ä ‡§∏‡§æ‡§Ø‡§Ç‡§ï‡§æ‡§≥‡•Ä ‡§ö‡§æ‡§∞‡§ï‡•ã‡§™ ‡§°‡•á‡§™‡•ã‡§Æ‡§ß‡•ç‡§Ø‡•á ‡§ï‡§∞‡§£‡•ç‡§Ø‡§æ‡§§ ‡§Ü‡§≤‡§æ. ‡§Ø‡§æ‡§µ‡•á‡§≥‡•Ä ‡§§‡•á ‡§¨‡•ã‡§≤‡§§ ‡§π‡•ã‡§§‡•á. ‡§¨‡•ç‡§∞‡§Å‡§°‡§ø‡§Ç‡§ó ‡§Æ‡•Ö‡§®‡•ç‡§Ø‡•Å‡§Ö‡§≤, ‡§ü‡•ç‡§∞‡•Ö‡§µ‡•ç‡§π‡§≤ ‡§ï‡§æ‡§∞‡•ç‡§°, ‡§ë‡§™‡§∞‡•á‡§∂‡§®‡§≤ ‡§ï‡§Ç‡§ü‡•ç‡§∞‡•ã‡§≤ ‡§∏‡•á‡§Ç‡§ü‡•ç‡§∞‡§≤, ‡§ó‡•ç‡§∞‡§π‡§£ ‡§â‡§™ ‡§ï‡•á‡§Ç‡§¶‡•ç‡§∞, ‡§ö‡§æ‡§∞‡§ï‡•ã‡§™ ‡§Ü‡§ó‡§æ‡§∞ ‡§Ü‡§£‡§ø ‡§∞‡§ø‡§∏‡§ø‡§µ‡•ç‡§π‡§ø‡§Ç‡§ó ‡§∏‡§¨‡§∏‡•ç‡§ü‡•á‡§∂‡§®‡§ö‡•á ‡§â‡§¶‡•ç‡§ò‡§æ‡§ü‡§® ‡§¶‡•á‡§ñ‡•Ä‡§≤ ‡§Ø‡§æ‡§™‡•ç‡§∞‡§∏‡§Ç‡§ó‡•Ä ‡§ï‡§∞‡§£‡•ç‡§Ø‡§æ‡§§ ‡§Ü‡§≤‡•á.‡§Æ‡•Å‡§ñ‡•ç‡§Ø‡§Æ‡§Ç‡§§‡•ç‡§∞‡•Ä ‡§â‡§¶‡•ç‡§ß‡§µ ‡§†‡§æ‡§ï‡§∞‡•á ‡§Æ‡•ç‡§π‡§£‡§æ‡§≤‡•á ‡§ï‡•Ä, xa0‡§Æ‡•á‡§ü‡•ç‡§∞‡•ã ‡•® - ‡§Ö ‡§Ü‡§£‡§ø ‡•≠ ‡§Æ‡•Å‡§≥‡•á ‡§Æ‡•Å‡§Ç‡§¨‡§à‡§ö‡§æ ‡§µ‡•á‡§ó ", ‡§ï‡§æ‡§∞‡§£ ‡§≤‡•ã‡§ï‡§≤ ‡§™‡•ç‡§∞‡§µ‡§æ‡§∏‡§æ‡§∏ ‡§™‡§∞‡•ç‡§Ø‡§æ‡§Ø ‡§Æ‡§ø‡§≥‡§£‡§æ‡§∞ ‡§Ü‡§π‡•á. ‡§Ü‡§ú ‡§è‡§ï‡§æ ‡§®‡§µ‡•ç‡§Ø,2021-01-29 00:00:00.000+0000,‡§ë‡§®‡§≤‡§æ‡§á‡§® ‡§≤‡•ã‡§ï‡§Æ‡§§,‡§¨‡§Ç‡§ó‡§≥‡•Å‡§∞‡•Ç ‡§Ø‡•á,0,2147483647,,,Marathi,0,text,,,,https://d3,,https://www.lokmat.com/mumbai/mumbai-will-change-next-two-four-years-chief-minister-uddhav-thackeray,Maharashtr,news,2147483647,FALSE,Lokmat,8f2aed70-4,0,0,,29-01-2021,,,,"""‡§Ø‡•á‡§§‡•ç‡§Ø‡§æ ‡§¶‡•ã‡§®-‡§ö‡§æ‡§∞ ‡§µ‡§∞‡•ç‡§∑‡§æ‡§Ç‡§§ ‡§Æ‡•Å‡§Ç‡§¨‡§à‡§ö‡•á ‡§∞‡•Å‡§™‡§°‡•á ‡§™‡§æ‡§≤‡§ü‡§£‡§æ‡§∞ - ‡§Æ‡•Å‡§ñ‡•ç‡§Ø‡§Æ‡§Ç‡§§‡•ç‡§∞‡•Ä ‡§â‡§¶‡•ç‡§ß‡§µ ‡§†‡§æ‡§ï‡§∞‡•áxa0""",,,0
a6c72999-5be6-4afa-aee5-1a0be0e7fdc7,,,Top Stories,2147483647,0,,2021-01-28 12:07:00.000+0000,Kiran,‡¥™‡¥§‡µç‡¥§‡¥®‡¥Ç‡¥§‡µç‡¥§‡¥ø‡¥ü‡µç‡¥ü: ‡¥ï‡µã‡¥®‡µç‡¥®‡¥ø ‡¥Æ‡µÜ‡¥°‡¥ø‡¥ï‡µç‡¥ï‡¥≤‡µç‚Äç ‡¥ï‡µã‡¥≥‡¥ú‡µç ‡¥ï‡µÅ‡¥ü‡¥ø‡¥µ‡µÜ‡¥≥‡µç‡¥≥ ‡¥™‡¥¶‡µç‡¥ß‡¥§‡¥ø‡¥Ø‡µÅ‡¥ü‡µÜ ‡¥â‡¥¶‡µç‡¥ò‡¥æ‡¥ü‡¥®‡¥Ç ‡¥®‡¥æ‡¥≥‡µÜ(‡¥ú‡¥®‡µÅ‡¥µ‡¥∞‡¥ø 30 ‡¥∂‡¥®‡¥ø) ‡¥â‡¥ö‡µç‡¥ö‡¥Ø‡µç‡¥ï‡µç‡¥ï‡µç ‡¥∞‡¥£‡µç‡¥ü‡¥ø‡¥®‡µç ‡¥ú‡¥≤‡¥µ‡¥ø‡¥≠‡¥µ ‡¥µ‡¥ï‡µÅ‡¥™‡µç‡¥™‡µç ‡¥Æ‡¥®‡µç‡¥§‡µç‡¥∞‡¥ø ‡¥ï‡µÜ. ‡¥ï‡µÉ‡¥∑‡µç‡¥£‡¥®‡µç‚Äç‡¥ï‡µÅ‡¥ü‡µç‡¥ü‡¥ø ‡¥®‡¥ø‡¥∞‡µç‚Äç‡¥µ‡¥π‡¥ø‡¥ï‡µç‡¥ï‡µÅ‡¥Æ‡µÜ‡¥®‡µç‡¥®‡µç ‡¥Ö‡¥°‡µç‡¥µ.‡¥ï‡µÜ.‡¥Ø‡µÅ. ‡¥ú‡¥®‡µÄ‡¥∑‡µç ‡¥ï‡µÅ‡¥Æ‡¥æ‡¥∞‡µç‚Äç ‡¥é‡¥Ç‡¥é‡¥≤‡µç‚Äç‡¥é ‡¥Ö‡¥±‡¥ø‡¥Ø‡¥ø‡¥ö‡µç‡¥ö‡µÅ. ‡¥®‡¥¨‡¥æ‡¥∞‡µç‚Äç‡¥°‡µç ‡¥ß‡¥®‡¥∏‡¥π‡¥æ‡¥Ø‡¥§‡µç‡¥§‡µã‡¥ü‡µÜ 13.98 ‡¥ï‡µã‡¥ü‡¥ø ‡¥∞‡µÇ‡¥™ ‡¥ö‡µÜ‡¥≤‡¥µ‡¥¥‡¥ø‡¥ö‡µç‡¥ö‡¥æ‡¥£‡µç ‡¥™‡¥¶‡µç‡¥ß‡¥§‡¥ø ‡¥™‡µÇ‡¥∞‡µç‚Äç‡¥§‡µç‡¥§‡µÄ‡¥ï‡¥∞‡¥ø‡¥ö‡µç‡¥ö‡¥§‡µç. ‡¥±‡¥µ‡¥®‡µç‡¥Ø‡µÇ ‡¥µ‡¥ï‡µÅ‡¥™‡µç‡¥™‡µç ‡¥∏‡µó‡¥ú‡¥®‡µç‡¥Ø‡¥Æ‡¥æ‡¥Ø‡¥ø ‡¥≤‡¥≠‡µç‡¥Ø‡¥Æ‡¥æ‡¥ï‡µç‡¥ï‡¥ø‡¥Ø ‡¥í‡¥∞‡µá‡¥ï‡µç‡¥ï‡¥∞‡µç‚Äç ‡¥∏‡µç‡¥•‡¥≤‡¥§‡µç‡¥§‡¥æ‡¥£‡µç ‡¥∂‡µÅ‡¥¶‡µç‡¥ß‡µÄ‡¥ï‡¥∞‡¥£ ‡¥∂‡¥æ‡¥≤‡¥Ø‡µÅ‡¥Ç ‡¥ú‡¥≤‡¥∏‡¥Ç‡¥≠‡¥∞‡¥£‡¥ø‡¥Ø‡µÅ‡¥Ç ‡¥Ö‡¥®‡µÅ‡¥¨‡¥®‡µç‡¥ß ‡¥â‡¥™‡¥ï‡¥∞‡¥£‡¥ô‡µç‡¥ô‡¥≥‡µÅ‡¥Ç ‡¥∏‡µç‡¥•‡¥æ‡¥™‡¥ø‡¥ö‡µç‡¥ö‡¥§‡µç. ‡¥™‡¥¶‡µç‡¥ß‡¥§‡¥ø‡¥Ø‡µÅ‡¥ü‡µÜ ‡¥≠‡¥æ‡¥ó‡¥Æ‡¥æ‡¥Ø‡¥ø ‡¥Æ‡µÜ‡¥°‡¥ø‡¥ï‡µç‡¥ï‡¥≤‡µç‚Äç ‡¥ï‡µã‡¥≥‡¥ú‡¥ø‡¥®‡µç ‡¥∏‡¥Æ‡µÄ‡¥™‡¥Ç ‡¥∏‡µç‡¥•‡¥æ‡¥™‡¥ø‡¥ö‡µç‡¥ö ‡¥∂‡µÅ‡¥¶‡µç‡¥ß‡µÄ‡¥ï‡¥∞‡¥£ ‡¥∂‡¥æ‡¥≤‡¥Ø‡¥ø‡¥≤‡µç‚Äç ‡¥™‡µç‡¥∞‡¥§‡¥ø‡¥¶‡¥ø‡¥®‡¥Ç 50 ‡¥≤‡¥ï‡µç‡¥∑‡¥Ç ‡¥≤‡¥ø‡¥±‡µç‡¥±‡¥∞‡µç‚Äç [‚Ä¶] The post ‡¥ï‡µã‡¥®‡µç‡¥®‡¥ø ‡¥Æ‡µÜ‡¥°‡¥ø‡¥ï‡µç‡¥ï‡¥≤‡µç‚Äç ‡¥ï‡µã‡¥≥‡¥ú‡µç ‡¥ï‡µÅ‡¥ü‡¥ø‡¥µ‡µÜ‡¥≥‡µç‡¥≥ ‡¥™‡¥¶‡µç‡¥ß‡¥§‡¥ø ‡¥â‡¥¶‡µç‡¥ò‡¥æ‡¥ü‡¥®‡¥Ç ‡¥®‡¥æ‡¥≥‡µÜ first appeared on MalayalamExpressOnline.,0,2147483647,,,Malayalam,0,text,,,,https://www.malayalamexpress.in/wp-content/uploads/2021/01/28k24-1024x728.jpg,,https://www.malayalamexpress.in/archives/1589140/,,news,2147483647,FALSE,Malayalam Express,,0,0,,2021-01-28 12:12:42.493+0000,,,"{'Kerala', 'Top_Stories', 'kerala_mex'}",‡¥ï‡µã‡¥®‡µç‡¥®‡¥ø ‡¥Æ‡µÜ‡¥°‡¥ø‡¥ï‡µç‡¥ï‡¥≤‡µç‚Äç ‡¥ï‡µã‡¥≥‡¥ú‡µç ‡¥ï‡µÅ‡¥ü‡¥ø‡¥µ‡µÜ‡¥≥‡µç‡¥≥ ‡¥™‡¥¶‡µç‡¥ß‡¥§‡¥ø ‡¥â‡¥¶‡µç‡¥ò‡¥æ‡¥ü‡¥®‡¥Ç ‡¥®‡¥æ‡¥≥‡µÜ,,,,"0"
f5e74af2-5f9d-4ace-8a69-5e4f231812ca,,,Madhya Pradesh,2147483647,,,2020-02-21 02:40:33.000+0000,Bhaskar News Network,"""‡§ñ‡§®‡§ø‡§Ø‡§æ‡§Ç‡§ß‡§æ‡§®‡§æ|‡§®‡§ó‡§∞ ‡§Æ‡•á‡§Ç ‡§¨‡§ú‡§∞‡§Ç‡§ó ‡§¶‡§≤ ‡§¶‡•ç‡§µ‡§æ‡§∞‡§æ ‡§ó‡§§ ‡§¶‡§ø‡§µ‡§∏ ‡§∂‡§π‡•Ä‡§¶‡•ã‡§Ç ‡§ï‡•ã ‡§∂‡•ç‡§∞‡§¶‡•ç‡§ß‡§æ‡§Ç‡§ú‡§≤‡§ø ‡§™‡•Å‡§∑‡•ç‡§™ ‡§Ö‡§∞‡•ç‡§™‡§ø‡§§ ‡§ï‡§∞ ‡§¶‡•Ä ‡§ó‡§à‡•§ ‡§∏‡§æ‡§• ‡§π‡•Ä ‡§â‡§®‡•ç‡§π‡•á‡§Ç ‡§Ø‡§æ‡§¶ ‡§ï‡§∞‡§§‡•á ‡§π‡•Å‡§è ‡§≠‡§æ‡§∞‡§§ ‡§Æ‡§æ‡§§‡§æ ‡§ï‡•á ‡§∏‡§™‡•Ç‡§§ ‡§¨‡§§‡§æ‡§Ø‡§æ ‡§ó‡§Ø‡§æ‡•§ ‡§á‡§∏ ‡§Æ‡•å‡§ï‡•á ‡§™‡§∞ ‡§µ‡§ø‡§ú‡§Ø ‡§≠‡§æ‡§∞‡§¶‡•ç‡§µ‡§æ‡§ú, ‡§¨‡§ú‡§∞‡§Ç‡§ó ‡§¶‡§≤ ‡§ï‡•á ‡§™‡•ç‡§∞‡§ñ‡§Ç‡§° ‡§∏‡§Ç‡§Ø‡•ã‡§ú‡§ï ‡§ã‡§∑‡§≠ ‡§∏‡•ã‡§®‡•Ä, ‡§™‡•ç‡§∞‡§ñ‡§Ç‡§° ‡§Æ‡§Ç‡§§‡•ç‡§∞‡•Ä ‡§Ö‡§Ç‡§ï‡§ø‡§§ ‡§Ø‡§æ‡§¶‡§µ, ‡§¶‡§ø‡§®‡•á‡§∂ ‡§Ø‡§æ‡§¶‡§µ, ‡§™‡§≤‡•Å‡§Ü ‡§Ø‡§æ‡§¶‡§µ, ‡§∏‡•Å‡§≤‡§§‡§æ‡§® ‡§Ø‡§æ‡§¶‡§µ, ‡§∏‡§Ç‡§ú‡•Ç ‡§µ‡§æ‡§≤‡•ç‡§Æ‡§ø‡§ï‡•Ä, ‡§ú‡§ø‡§§‡•á‡§Ç‡§¶‡•ç‡§∞ ‡§Ø‡§æ‡§¶‡§µ, ‡§ï‡§æ‡§≤‡•Ç ‡§ú‡•à‡§®, ‡§ß‡§∞‡•ç‡§Æ‡§µ‡•Ä‡§∞ ‡§Ø‡§æ‡§¶‡§µ, ‡§∏‡§Ç‡§¶‡•Ä‡§™ ‡§ù‡§æ, ‡§∞‡§Ç‡§ú‡•Ä‡§§ ‡§Ø‡§æ‡§¶‡§µ, ‡§Ö‡§Ç‡§ï‡§ø‡§§ ‡§Ø‡§æ‡§¶‡§µ, ‡§®‡§∞‡•á‡§∂ ‡§ù‡§æ, ‡§∏‡§§‡•á‡§Ç‡§¶‡•ç‡§∞ ‡§Ø‡§æ‡§¶‡§µ, ‡§®‡•Ä‡§∞‡§ú ‡§ù‡§æ, ‡§ï‡•å‡§∂‡§≤‡•á‡§Ç‡§¶‡•ç‡§∞ ‡§Ø‡§æ‡§¶‡§µ ‡§è‡§µ‡§Ç ‡§∏‡§Æ‡§∏‡•ç‡§§ ‡§¨‡§ú‡§∞‡§Ç‡§ó ‡§¶‡§≤ ‡§ï‡•á ‡§ï‡§æ‡§∞‡•ç‡§Ø‡§ï‡§∞‡•ç‡§§‡§æ  ‡§Æ‡•å‡§ú‡•Ç‡§¶ ‡§•‡•á‡•§ 
Download Dainik Bhaskar App to read Latest Hindi News Today




Khniyadhana News - mp news bajrang dal paid tribute to the martyrs""",,2147483647,,,Hindi,,text,,,,https://i9.dainikbhaskar.com/thumbnails/680x588/web2images/www.bhaskar.com/2020/02/21/20shivpuri_pul,,https://www.bhaskar.com/mp/shivpuri/news/mp-news-bajrang-dal-paid-tribute-to-the-martyrs-081030-6674143.html,,news,2147483647,TRUE,DainikBhaskar,7dbb1b21-fc91-4af5-9761-ae71848fe854,,,,,,,,‡§∂‡§π‡•Ä‡§¶‡•ã‡§Ç ‡§ï‡•ã ‡§¨‡§ú‡§∞‡§Ç‡§ó ‡§¶‡§≤ ‡§®‡•á ‡§¶‡•Ä ‡§∂‡•ç‡§∞‡§¶‡•ç‡§ß‡§æ‡§Ç‡§ú‡§≤‡§ø,,,,""
39654058-30e2-4726-b821-8f5a0ae7db91,,,Sports,2147483647,0,,2020-08-10 10:07:23.739+0000,,Australian pace spearhead Mitchell Starc has reached an in-principle insurance settlement in his $1.53 million fight for missing out on the 2018 Indian Premier League (IPL) through injury.,0,2147483647,,,English,0,text,,,,https://resize.indiatvnews.com/en/resize/newbucket/715_-/2020/08/pjimage-2020-08-04t144100-159653226,,https://www.indiatvnews.com/sports/cricket/mitchell-starc-reaches-settlement-in-ipl-payout-fight-641026,,news,2147483647,FALSE,IndiaTV,53815adf-3aa8-460b-b7d0-7cae0f8c74ed,0,0,,2020-08-10 10:07:23.739+0000,,,,Mitchell Starc reaches settlement in IPL payout fight,,,,"0"
